Title,Duration,FPS,Width,Height,Frames,Human,Environment,File Name
MilitaryParade,5.52,25.0,320,240,138,['Male'],Outdoor,v_MilitaryParade_g13_c01.avi
JumpingJack,3.2032000000000003,29.97002997002997,320,240,96,[],Outdoor,v_JumpingJack_g12_c04.avi
ParallelBars,5.32,25.0,320,240,133,[],Outdoor,v_ParallelBars_g25_c01.avi
BaseballPitch,4.371033333333333,29.97002997002997,320,240,131,[],Outdoor,v_BaseballPitch_g13_c04.avi
ApplyEyeMakeup,4.08,25.0,320,240,102,['Female'],Indoor,v_ApplyEyeMakeup_g24_c03.avi
ApplyEyeMakeup,9.4,25.0,320,240,235,"['Male', 'Female']",Indoor,v_ApplyEyeMakeup_g01_c04.avi
LongJump,6.0,25.0,320,240,150,[],Outdoor,v_LongJump_g04_c06.avi
CricketShot,1.84,25.0,320,240,46,[],Outdoor,v_CricketShot_g21_c01.avi
Hammering,3.16,25.0,320,240,79,[],Indoor,v_Hammering_g01_c04.avi
ParallelBars,6.32,25.0,320,240,158,[],Outdoor,v_ParallelBars_g05_c04.avi
ApplyLipstick,7.2,25.0,320,240,180,['Male'],Indoor,v_ApplyLipstick_g03_c01.avi
HorseRiding,1.0677333333333334,29.97002997002997,320,240,32,[],Indoor,v_HorseRiding_g14_c02.avi
Biking,5.238566666666666,29.97002997002997,320,240,157,[],Indoor,v_Biking_g06_c02.avi
Bowling,5.36,25.0,320,240,134,[],Indoor,v_Bowling_g22_c05.avi
ApplyLipstick,5.76,25.0,320,240,144,"['Female', 'Male']",Indoor,v_ApplyLipstick_g04_c02.avi
FrontCrawl,6.4,25.0,320,240,160,[],Outdoor,v_FrontCrawl_g24_c02.avi
CricketShot,5.0,25.0,320,240,125,[],Indoor,v_CricketShot_g12_c06.avi
CricketShot,3.72,25.0,320,240,93,[],Outdoor,v_CricketShot_g03_c03.avi
BoxingSpeedBag,9.72,25.0,320,240,243,[],Indoor,v_BoxingSpeedBag_g08_c04.avi
Drumming,12.0,25.0,320,240,300,[],Indoor,v_Drumming_g14_c05.avi
Hammering,2.96,25.0,320,240,74,[],Outdoor,v_Hammering_g05_c04.avi
FrisbeeCatch,3.92,25.0,320,240,98,[],Indoor,v_FrisbeeCatch_g19_c03.avi
Mixing,4.08,25.0,320,240,102,[],Indoor,v_Mixing_g18_c02.avi
IceDancing,9.28,25.0,320,240,232,[],Outdoor,v_IceDancing_g22_c03.avi
PlayingCello,11.28,25.0,320,240,282,['Female'],Indoor,v_PlayingCello_g08_c05.avi
BrushingTeeth,12.32,25.0,320,240,308,['Male'],Indoor,v_BrushingTeeth_g18_c02.avi
JumpRope,17.017,29.97002997002997,320,240,510,[],Indoor,v_JumpRope_g11_c06.avi
JumpingJack,2.9362666666666666,29.97002997002997,320,240,88,[],Indoor,v_JumpingJack_g07_c01.avi
HulaHoop,3.88,25.0,320,240,97,[],Indoor,v_HulaHoop_g25_c04.avi
HorseRiding,5.038366666666667,29.97002997002997,320,240,151,[],Indoor,v_HorseRiding_g11_c06.avi
Hammering,2.88,25.0,320,240,72,[],Indoor,v_Hammering_g25_c02.avi
Knitting,5.12,25.0,320,240,128,[],Indoor,v_Knitting_g16_c04.avi
BaseballPitch,2.6026000000000002,29.97002997002997,320,240,78,[],Indoor,v_BaseballPitch_g16_c06.avi
BandMarching,3.56,25.0,320,240,89,[],Outdoor,v_BandMarching_g05_c04.avi
PizzaTossing,5.84,25.0,320,240,146,[],Indoor,v_PizzaTossing_g15_c02.avi
CliffDiving,2.2,25.0,320,240,55,[],Outdoor,v_CliffDiving_g11_c03.avi
Basketball,4.1041,29.97002997002997,320,240,123,[],Outdoor,v_Basketball_g03_c05.avi
Billiards,8.68,25.0,320,240,217,[],Indoor,v_Billiards_g09_c07.avi
Archery,8.72,25.0,320,240,218,[],Indoor,v_Archery_g21_c03.avi
ApplyEyeMakeup,4.56,25.0,320,240,114,['Female'],Indoor,v_ApplyEyeMakeup_g16_c03.avi
BoxingSpeedBag,3.96,25.0,320,240,99,[],Indoor,v_BoxingSpeedBag_g01_c03.avi
HandstandWalking,4.96,25.0,320,240,124,[],Outdoor,v_HandstandWalking_g11_c01.avi
BandMarching,4.92,25.0,320,240,123,[],Outdoor,v_BandMarching_g02_c03.avi
JugglingBalls,9.64,25.0,320,240,241,[],Indoor,v_JugglingBalls_g20_c01.avi
HandStandPushups,6.16,25.0,320,240,154,[],Indoor,v_HandStandPushups_g11_c05.avi
HulaHoop,4.04,25.0,320,240,101,[],Indoor,v_HulaHoop_g10_c04.avi
ApplyEyeMakeup,6.12,25.0,320,240,153,['Female'],Indoor,v_ApplyEyeMakeup_g10_c01.avi
BandMarching,18.84,25.0,320,240,471,[],Indoor,v_BandMarching_g15_c05.avi
PlayingCello,8.64,25.0,320,240,216,['Male'],Indoor,v_PlayingCello_g06_c06.avi
BoxingSpeedBag,6.0,25.0,320,240,150,[],Indoor,v_BoxingSpeedBag_g25_c06.avi
Basketball,5.005,29.97002997002997,320,240,150,[],Indoor,v_Basketball_g07_c03.avi
JumpRope,16.7167,29.97002997002997,320,240,501,[],Indoor,v_JumpRope_g09_c02.avi
FrontCrawl,3.44,25.0,320,240,86,[],Indoor,v_FrontCrawl_g12_c04.avi
Kayaking,13.0,25.0,320,240,325,[],Outdoor,v_Kayaking_g16_c03.avi
Archery,2.72,25.0,320,240,68,[],Outdoor,v_Archery_g22_c05.avi
Diving,6.740066666666666,29.97002997002997,320,240,202,[],Outdoor,v_Diving_g12_c04.avi
Nunchucks,7.92,25.0,320,240,198,['Male'],Indoor,v_Nunchucks_g25_c03.avi
BoxingPunchingBag,6.68,25.0,320,240,167,[],Indoor,v_BoxingPunchingBag_g11_c01.avi
Nunchucks,6.68,25.0,320,240,167,[],Indoor,v_Nunchucks_g22_c04.avi
CricketShot,4.12,25.0,320,240,103,[],Outdoor,v_CricketShot_g03_c07.avi
BalanceBeam,4.88,25.0,320,240,122,[],Indoor,v_BalanceBeam_g10_c04.avi
Diving,4.971633333333333,29.97002997002997,320,240,149,[],Indoor,v_Diving_g22_c01.avi
Drumming,12.0,25.0,320,240,300,[],Indoor,v_Drumming_g07_c07.avi
PizzaTossing,5.24,25.0,320,240,131,[],Indoor,v_PizzaTossing_g12_c02.avi
Basketball,4.0040000000000004,29.97002997002997,320,240,120,[],Indoor,v_Basketball_g23_c03.avi
HeadMassage,6.92,25.0,320,240,173,['Male'],Indoor,v_HeadMassage_g22_c06.avi
FrontCrawl,5.16,25.0,320,240,129,[],Outdoor,v_FrontCrawl_g08_c05.avi
BabyCrawling,7.92,25.0,320,240,198,[],Indoor,v_BabyCrawling_g18_c01.avi
HorseRiding,6.172833333333333,29.97002997002997,320,240,185,[],Indoor,v_HorseRiding_g03_c01.avi
Haircut,4.0,25.0,320,240,100,[],Indoor,v_Haircut_g05_c04.avi
Haircut,5.96,25.0,320,240,149,[],Indoor,v_Haircut_g04_c01.avi
Archery,6.08,25.0,320,240,152,[],Outdoor,v_Archery_g18_c05.avi
Basketball,1.7684333333333333,29.97002997002997,320,240,53,[],Outdoor,v_Basketball_g02_c01.avi
BlowDryHair,4.92,25.0,320,240,123,[],Indoor,v_BlowDryHair_g22_c02.avi
JugglingBalls,9.4,25.0,320,240,235,[],Indoor,v_JugglingBalls_g13_c01.avi
CliffDiving,3.8,25.0,320,240,95,[],Outdoor,v_CliffDiving_g18_c06.avi
HeadMassage,4.8,25.0,320,240,120,[],Indoor,v_HeadMassage_g18_c06.avi
ParallelBars,6.12,25.0,320,240,153,[],Indoor,v_ParallelBars_g19_c02.avi
Haircut,12.92,25.0,320,240,323,"['Male', 'Female']",Indoor,v_Haircut_g24_c02.avi
Fencing,5.24,25.0,320,240,131,[],Outdoor,v_Fencing_g23_c03.avi
HammerThrow,9.36,25.0,320,240,234,[],Outdoor,v_HammerThrow_g15_c01.avi
BaseballPitch,2.3690333333333333,29.97002997002997,320,240,71,[],Outdoor,v_BaseballPitch_g22_c06.avi
JugglingBalls,10.12,25.0,320,240,253,[],Indoor,v_JugglingBalls_g12_c03.avi
Basketball,3.336666666666667,29.97002997002997,320,240,100,[],Indoor,v_Basketball_g05_c03.avi
MoppingFloor,11.2,25.0,320,240,280,['Female'],Indoor,v_MoppingFloor_g04_c05.avi
FieldHockeyPenalty,6.8,25.0,320,240,170,[],Outdoor,v_FieldHockeyPenalty_g06_c03.avi
HighJump,4.32,25.0,320,240,108,[],Outdoor,v_HighJump_g11_c03.avi
JugglingBalls,10.36,25.0,320,240,259,"['Male', 'Female']",Indoor,v_JugglingBalls_g09_c05.avi
JumpRope,13.446766666666667,29.97002997002997,320,240,403,[],Indoor,v_JumpRope_g12_c02.avi
Mixing,4.12,25.0,320,240,103,['Female'],Indoor,v_Mixing_g02_c01.avi
Diving,5.171833333333334,29.97002997002997,320,240,155,[],Indoor,v_Diving_g08_c05.avi
BasketballDunk,3.36,25.0,320,240,84,[],Outdoor,v_BasketballDunk_g05_c06.avi
Archery,9.4,25.0,320,240,235,[],Outdoor,v_Archery_g25_c06.avi
Biking,11.077733333333333,29.97002997002997,320,240,330,[],Outdoor,v_Biking_g20_c01.avi
FloorGymnastics,5.64,25.0,320,240,141,[],Outdoor,v_FloorGymnastics_g03_c01.avi
BabyCrawling,5.68,25.0,320,240,142,[],Indoor,v_BabyCrawling_g25_c03.avi
MilitaryParade,4.76,25.0,320,240,119,[],Indoor,v_MilitaryParade_g02_c04.avi
Drumming,4.44,25.0,320,240,111,[],Indoor,v_Drumming_g03_c03.avi
FrisbeeCatch,4.08,25.0,320,240,102,[],Indoor,v_FrisbeeCatch_g01_c06.avi
Basketball,3.336666666666667,29.97002997002997,320,240,100,[],Indoor,v_Basketball_g01_c07.avi
PizzaTossing,5.08,25.0,320,240,127,[],Indoor,v_PizzaTossing_g13_c01.avi
JavelinThrow,4.64,25.0,320,240,116,[],Outdoor,v_JavelinThrow_g09_c01.avi
BasketballDunk,2.88,25.0,320,240,72,[],Outdoor,v_BasketballDunk_g13_c04.avi
Lunges,7.72,25.0,320,240,193,[],Indoor,v_Lunges_g09_c01.avi
GolfSwing,4.971633333333333,29.97002997002997,320,240,149,[],Indoor,v_GolfSwing_g23_c03.avi
IceDancing,3.44,25.0,320,240,86,[],Outdoor,v_IceDancing_g19_c07.avi
BenchPress,3.48,25.0,320,240,87,[],Indoor,v_BenchPress_g07_c06.avi
JugglingBalls,10.32,25.0,320,240,258,"['Male', 'Female']",Indoor,v_JugglingBalls_g16_c02.avi
Biking,4.371033333333333,29.97002997002997,320,240,131,[],Indoor,v_Biking_g11_c03.avi
BasketballDunk,2.36,25.0,320,240,59,[],Indoor,v_BasketballDunk_g16_c04.avi
Biking,6.5065,29.97002997002997,320,240,195,[],Indoor,v_Biking_g18_c03.avi
CuttingInKitchen,6.92,25.0,320,240,173,[],Indoor,v_CuttingInKitchen_g18_c02.avi
FloorGymnastics,5.68,25.0,320,240,142,[],Outdoor,v_FloorGymnastics_g09_c04.avi
CricketShot,5.08,25.0,320,240,127,[],Outdoor,v_CricketShot_g06_c02.avi
BasketballDunk,3.28,25.0,320,240,82,[],Indoor,v_BasketballDunk_g25_c01.avi
HandstandWalking,5.04,25.0,320,240,126,[],Outdoor,v_HandstandWalking_g21_c03.avi
GolfSwing,5.271933333333333,29.97002997002997,320,240,158,[],Outdoor,v_GolfSwing_g24_c02.avi
BlowingCandles,4.16,25.0,320,240,104,[],Indoor,v_BlowingCandles_g19_c01.avi
BrushingTeeth,8.4,25.0,320,240,210,"['Female', 'Male']",Indoor,v_BrushingTeeth_g05_c03.avi
HighJump,9.28,25.0,320,240,232,[],Indoor,v_HighJump_g01_c05.avi
Knitting,8.88,25.0,320,240,222,[],Indoor,v_Knitting_g04_c01.avi
HandstandWalking,2.92,25.0,320,240,73,[],Indoor,v_HandstandWalking_g13_c01.avi
IceDancing,9.68,25.0,320,240,242,[],Outdoor,v_IceDancing_g05_c03.avi
BalanceBeam,4.64,25.0,320,240,116,[],Indoor,v_BalanceBeam_g11_c04.avi
GolfSwing,4.671333333333333,29.97002997002997,320,240,140,[],Indoor,v_GolfSwing_g18_c02.avi
FloorGymnastics,7.28,25.0,320,240,182,[],Indoor,v_FloorGymnastics_g08_c04.avi
ApplyLipstick,5.4,25.0,320,240,135,['Female'],Indoor,v_ApplyLipstick_g23_c03.avi
Lunges,10.24,25.0,320,240,256,[],Indoor,v_Lunges_g10_c01.avi
BasketballDunk,3.24,25.0,320,240,81,[],Indoor,v_BasketballDunk_g25_c03.avi
JumpRope,11.945266666666667,29.97002997002997,320,240,358,[],Indoor,v_JumpRope_g07_c04.avi
BasketballDunk,2.08,25.0,320,240,52,[],Indoor,v_BasketballDunk_g06_c01.avi
Billiards,10.32,25.0,320,240,258,['Female'],Outdoor,v_Billiards_g07_c02.avi
JavelinThrow,6.8,25.0,320,240,170,[],Outdoor,v_JavelinThrow_g16_c05.avi
ParallelBars,4.12,25.0,320,240,103,[],Outdoor,v_ParallelBars_g09_c04.avi
FrisbeeCatch,3.64,25.0,320,240,91,[],Outdoor,v_FrisbeeCatch_g01_c04.avi
Nunchucks,7.48,25.0,320,240,187,[],Outdoor,v_Nunchucks_g21_c04.avi
BabyCrawling,10.44,25.0,320,240,261,[],Outdoor,v_BabyCrawling_g20_c01.avi
Kayaking,6.08,25.0,320,240,152,[],Outdoor,v_Kayaking_g21_c03.avi
Lunges,10.04,25.0,320,240,251,[],Outdoor,v_Lunges_g07_c06.avi
HammerThrow,4.44,25.0,320,240,111,[],Outdoor,v_HammerThrow_g07_c01.avi
FrisbeeCatch,3.08,25.0,320,240,77,[],Outdoor,v_FrisbeeCatch_g12_c04.avi
HandstandWalking,4.04,25.0,320,240,101,[],Indoor,v_HandstandWalking_g25_c04.avi
FieldHockeyPenalty,5.76,25.0,320,240,144,[],Outdoor,v_FieldHockeyPenalty_g01_c05.avi
PizzaTossing,4.68,25.0,320,240,117,[],Indoor,v_PizzaTossing_g21_c01.avi
BoxingPunchingBag,9.0,25.0,320,240,225,[],Indoor,v_BoxingPunchingBag_g24_c03.avi
IceDancing,10.08,25.0,320,240,252,[],Outdoor,v_IceDancing_g06_c06.avi
Knitting,10.6,25.0,320,240,265,[],Indoor,v_Knitting_g17_c06.avi
PizzaTossing,4.44,25.0,320,240,111,[],Indoor,v_PizzaTossing_g19_c01.avi
HulaHoop,4.04,25.0,320,240,101,[],Indoor,v_HulaHoop_g20_c07.avi
Kayaking,6.16,25.0,320,240,154,[],Outdoor,v_Kayaking_g17_c05.avi
CricketBowling,4.4,25.0,320,240,110,[],Indoor,v_CricketBowling_g20_c02.avi
BoxingPunchingBag,6.92,25.0,320,240,173,[],Indoor,v_BoxingPunchingBag_g18_c06.avi
BoxingPunchingBag,5.0,25.0,320,240,125,[],Indoor,v_BoxingPunchingBag_g25_c01.avi
Fencing,4.8,25.0,320,240,120,[],Outdoor,v_Fencing_g05_c02.avi
Haircut,4.72,25.0,320,240,118,[],Indoor,v_Haircut_g07_c05.avi
Fencing,5.0,25.0,320,240,125,[],Outdoor,v_Fencing_g20_c03.avi
IceDancing,10.24,25.0,320,240,256,[],Outdoor,v_IceDancing_g08_c02.avi
Diving,7.4074,29.97002997002997,320,240,222,[],Outdoor,v_Diving_g14_c03.avi
HammerThrow,8.36,25.0,320,240,209,[],Outdoor,v_HammerThrow_g10_c07.avi
HighJump,4.04,25.0,320,240,101,[],Indoor,v_HighJump_g20_c02.avi
Hammering,3.44,25.0,320,240,86,['Male'],Outdoor,v_Hammering_g06_c06.avi
Basketball,4.738066666666667,29.97002997002997,320,240,142,[],Outdoor,v_Basketball_g07_c01.avi
Archery,4.92,25.0,320,240,123,[],Outdoor,v_Archery_g23_c01.avi
FloorGymnastics,4.76,25.0,320,240,119,[],Indoor,v_FloorGymnastics_g02_c03.avi
BodyWeightSquats,3.76,25.0,320,240,94,[],Outdoor,v_BodyWeightSquats_g20_c03.avi
IceDancing,10.24,25.0,320,240,256,[],Indoor,v_IceDancing_g13_c02.avi
HulaHoop,3.56,25.0,320,240,89,[],Indoor,v_HulaHoop_g19_c03.avi
BlowingCandles,7.0,25.0,320,240,175,[],Indoor,v_BlowingCandles_g25_c02.avi
Haircut,6.04,25.0,320,240,151,[],Indoor,v_Haircut_g10_c06.avi
Biking,6.7067000000000005,29.97002997002997,320,240,200,[],Indoor,v_Biking_g05_c03.avi
Biking,6.7067000000000005,29.97002997002997,320,240,201,[],Indoor,v_Biking_g08_c03.avi
Diving,5.7057,29.97002997002997,320,240,171,[],Indoor,v_Diving_g13_c03.avi
Lunges,10.2,25.0,320,240,255,['Female'],Indoor,v_Lunges_g06_c05.avi
GolfSwing,4.4044,29.97002997002997,320,240,131,[],Indoor,v_GolfSwing_g05_c07.avi
HammerThrow,8.08,25.0,320,240,202,[],Outdoor,v_HammerThrow_g08_c03.avi
BasketballDunk,2.36,25.0,320,240,59,[],Indoor,v_BasketballDunk_g08_c03.avi
HandStandPushups,5.36,25.0,320,240,134,[],Indoor,v_HandStandPushups_g20_c02.avi
BabyCrawling,6.68,25.0,320,240,167,[],Indoor,v_BabyCrawling_g13_c06.avi
FieldHockeyPenalty,4.56,25.0,320,240,114,[],Outdoor,v_FieldHockeyPenalty_g07_c03.avi
CricketShot,2.28,25.0,320,240,57,[],Indoor,v_CricketShot_g05_c04.avi
Hammering,2.4,25.0,320,240,60,[],Indoor,v_Hammering_g25_c01.avi
Biking,8.008000000000001,29.97002997002997,320,240,240,[],Indoor,v_Biking_g02_c01.avi
FieldHockeyPenalty,3.28,25.0,320,240,82,[],Indoor,v_FieldHockeyPenalty_g03_c02.avi
HammerThrow,4.44,25.0,320,240,111,[],Outdoor,v_HammerThrow_g07_c02.avi
BoxingPunchingBag,9.52,25.0,320,240,238,[],Indoor,v_BoxingPunchingBag_g05_c04.avi
ParallelBars,5.04,25.0,320,240,126,[],Indoor,v_ParallelBars_g06_c02.avi
Drumming,10.36,25.0,320,240,259,[],Outdoor,v_Drumming_g18_c03.avi
Diving,10.343666666666667,29.97002997002997,320,240,310,[],Outdoor,v_Diving_g16_c01.avi
JavelinThrow,2.4,25.0,320,240,60,[],Outdoor,v_JavelinThrow_g21_c02.avi
HighJump,4.92,25.0,320,240,123,[],Outdoor,v_HighJump_g08_c03.avi
Biking,3.370033333333333,29.97002997002997,320,240,101,[],Outdoor,v_Biking_g06_c01.avi
ApplyEyeMakeup,6.32,25.0,320,240,158,"['Female', 'Male']",Indoor,v_ApplyEyeMakeup_g04_c07.avi
Billiards,12.24,25.0,320,240,306,[],Indoor,v_Billiards_g21_c02.avi
Mixing,5.68,25.0,320,240,142,[],Indoor,v_Mixing_g01_c03.avi
Bowling,2.48,25.0,320,240,62,[],Indoor,v_Bowling_g11_c03.avi
MoppingFloor,10.76,25.0,320,240,269,[],Indoor,v_MoppingFloor_g17_c04.avi
JumpRope,14.781433333333334,29.97002997002997,320,240,443,[],Indoor,v_JumpRope_g08_c02.avi
Nunchucks,8.48,25.0,320,240,212,[],Indoor,v_Nunchucks_g06_c04.avi
MoppingFloor,5.8,25.0,320,240,145,[],Indoor,v_MoppingFloor_g12_c02.avi
Fencing,5.76,25.0,320,240,144,[],Indoor,v_Fencing_g14_c03.avi
Haircut,10.0,25.0,320,240,250,"['Female', 'Male']",Indoor,v_Haircut_g08_c02.avi
PizzaTossing,4.28,25.0,320,240,107,[],Indoor,v_PizzaTossing_g02_c02.avi
Mixing,4.12,25.0,320,240,103,[],Indoor,v_Mixing_g13_c02.avi
BasketballDunk,4.68,25.0,320,240,117,[],Indoor,v_BasketballDunk_g25_c02.avi
HandstandWalking,6.16,25.0,320,240,154,[],Indoor,v_HandstandWalking_g17_c03.avi
JavelinThrow,4.04,25.0,320,240,101,[],Outdoor,v_JavelinThrow_g19_c02.avi
HorseRiding,8.008000000000001,29.97002997002997,320,240,240,[],Outdoor,v_HorseRiding_g19_c05.avi
IceDancing,9.84,25.0,320,240,246,[],Outdoor,v_IceDancing_g24_c01.avi
BandMarching,4.72,25.0,320,240,118,['Female'],Outdoor,v_BandMarching_g09_c06.avi
CliffDiving,4.52,25.0,320,240,113,[],Outdoor,v_CliffDiving_g12_c06.avi
BalanceBeam,4.72,25.0,320,240,118,[],Indoor,v_BalanceBeam_g06_c02.avi
Kayaking,8.56,25.0,320,240,214,[],Indoor,v_Kayaking_g10_c04.avi
CliffDiving,3.68,25.0,320,240,92,[],Outdoor,v_CliffDiving_g24_c01.avi
HighJump,3.4,25.0,320,240,85,[],Indoor,v_HighJump_g23_c04.avi
HighJump,3.24,25.0,320,240,81,[],Indoor,v_HighJump_g16_c03.avi
Basketball,3.4701333333333335,29.97002997002997,320,240,104,[],Indoor,v_Basketball_g09_c02.avi
BasketballDunk,2.44,25.0,320,240,61,[],Outdoor,v_BasketballDunk_g01_c04.avi
BoxingSpeedBag,18.08,25.0,320,240,452,[],Indoor,v_BoxingSpeedBag_g07_c07.avi
FloorGymnastics,3.96,25.0,320,240,99,[],Outdoor,v_FloorGymnastics_g24_c02.avi
CliffDiving,4.24,25.0,320,240,106,[],Outdoor,v_CliffDiving_g15_c03.avi
ApplyEyeMakeup,9.08,25.0,320,240,227,['Female'],Outdoor,v_ApplyEyeMakeup_g05_c05.avi
BasketballDunk,2.72,25.0,320,240,68,[],Indoor,v_BasketballDunk_g22_c02.avi
Drumming,10.44,25.0,320,240,261,[],Indoor,v_Drumming_g14_c04.avi
Biking,11.344666666666667,29.97002997002997,320,240,340,[],Indoor,v_Biking_g20_c02.avi
BasketballDunk,2.96,25.0,320,240,74,[],Indoor,v_BasketballDunk_g19_c01.avi
BlowingCandles,6.68,25.0,320,240,167,"['Female', 'Male']",Indoor,v_BlowingCandles_g17_c02.avi
BaseballPitch,4.2042,29.97002997002997,320,240,126,[],Indoor,v_BaseballPitch_g12_c01.avi
FrisbeeCatch,4.44,25.0,320,240,111,[],Outdoor,v_FrisbeeCatch_g25_c01.avi
Basketball,6.8735333333333335,29.97002997002997,320,240,206,[],Outdoor,v_Basketball_g01_c03.avi
Nunchucks,8.2,25.0,320,240,205,"['Female', 'Male']",Indoor,v_Nunchucks_g05_c03.avi
BoxingPunchingBag,6.92,25.0,320,240,173,[],Indoor,v_BoxingPunchingBag_g22_c05.avi
Lunges,10.36,25.0,320,240,259,[],Indoor,v_Lunges_g21_c03.avi
HandStandPushups,4.28,25.0,320,240,107,[],Indoor,v_HandStandPushups_g15_c03.avi
FloorGymnastics,6.64,25.0,320,240,166,['Male'],Indoor,v_FloorGymnastics_g15_c06.avi
JumpingJack,3.370033333333333,29.97002997002997,320,240,101,[],Indoor,v_JumpingJack_g17_c03.avi
FloorGymnastics,5.48,25.0,320,240,137,[],Indoor,v_FloorGymnastics_g02_c01.avi
Drumming,12.0,25.0,320,240,300,[],Indoor,v_Drumming_g23_c02.avi
HeadMassage,10.4,25.0,320,240,260,['Male'],Indoor,v_HeadMassage_g18_c04.avi
Archery,8.4,25.0,320,240,210,[],Outdoor,v_Archery_g11_c05.avi
CuttingInKitchen,5.84,25.0,320,240,146,[],Indoor,v_CuttingInKitchen_g13_c03.avi
BaseballPitch,3.6703333333333332,29.97002997002997,320,240,110,[],Indoor,v_BaseballPitch_g20_c02.avi
MoppingFloor,8.16,25.0,320,240,204,[],Indoor,v_MoppingFloor_g07_c04.avi
CliffDiving,4.08,25.0,320,240,102,[],Outdoor,v_CliffDiving_g17_c05.avi
HighJump,3.96,25.0,320,240,99,[],Indoor,v_HighJump_g05_c05.avi
Archery,4.88,25.0,320,240,122,[],Indoor,v_Archery_g24_c06.avi
HandStandPushups,7.4,25.0,320,240,185,[],Indoor,v_HandStandPushups_g23_c05.avi
Fencing,5.28,25.0,320,240,132,[],Outdoor,v_Fencing_g09_c03.avi
GolfSwing,3.069733333333333,29.97002997002997,320,240,92,[],Outdoor,v_GolfSwing_g02_c03.avi
FrontCrawl,4.96,25.0,320,240,124,[],Outdoor,v_FrontCrawl_g24_c05.avi
HorseRace,11.7117,29.97002997002997,320,240,351,[],Outdoor,v_HorseRace_g19_c04.avi
ApplyEyeMakeup,6.8,25.0,320,240,170,['Male'],Indoor,v_ApplyEyeMakeup_g02_c01.avi
Basketball,9.275933333333333,29.97002997002997,320,240,273,[],Indoor,v_Basketball_g12_c01.avi
GolfSwing,5.4054,29.97002997002997,320,240,162,[],Indoor,v_GolfSwing_g05_c04.avi
ApplyEyeMakeup,7.04,25.0,320,240,176,"['Female', 'Male']",Indoor,v_ApplyEyeMakeup_g09_c01.avi
CricketShot,5.4,25.0,320,240,135,[],Outdoor,v_CricketShot_g06_c04.avi
HighJump,4.44,25.0,320,240,111,[],Indoor,v_HighJump_g20_c05.avi
Haircut,8.48,25.0,320,240,212,[],Indoor,v_Haircut_g09_c04.avi
FieldHockeyPenalty,3.56,25.0,320,240,89,[],Outdoor,v_FieldHockeyPenalty_g24_c05.avi
Billiards,13.84,25.0,320,240,346,[],Indoor,v_Billiards_g23_c04.avi
HeadMassage,9.72,25.0,320,240,243,"['Female', 'Male']",Indoor,v_HeadMassage_g05_c04.avi
HeadMassage,10.28,25.0,320,240,257,"['Female', 'Male']",Indoor,v_HeadMassage_g06_c07.avi
CricketBowling,4.12,25.0,320,240,103,[],Outdoor,v_CricketBowling_g15_c05.avi
HorseRace,5.372033333333333,29.97002997002997,320,240,161,[],Outdoor,v_HorseRace_g03_c03.avi
BaseballPitch,3.3033,29.97002997002997,320,240,99,[],Outdoor,v_BaseballPitch_g06_c01.avi
FrisbeeCatch,4.84,25.0,320,240,121,[],Outdoor,v_FrisbeeCatch_g07_c02.avi
BenchPress,1.8,25.0,320,240,45,[],Indoor,v_BenchPress_g15_c06.avi
MoppingFloor,10.96,25.0,320,240,274,[],Indoor,v_MoppingFloor_g08_c01.avi
BoxingSpeedBag,9.48,25.0,320,240,237,[],Indoor,v_BoxingSpeedBag_g11_c01.avi
BaseballPitch,2.3356666666666666,29.97002997002997,320,240,70,[],Indoor,v_BaseballPitch_g05_c07.avi
JavelinThrow,2.72,25.0,320,240,68,[],Indoor,v_JavelinThrow_g24_c06.avi
BaseballPitch,3.9706333333333332,29.97002997002997,320,240,119,[],Indoor,v_BaseballPitch_g24_c02.avi
BlowDryHair,13.72,25.0,320,240,343,['Male'],Indoor,v_BlowDryHair_g04_c01.avi
BoxingSpeedBag,17.8,25.0,320,240,445,[],Indoor,v_BoxingSpeedBag_g09_c03.avi
HammerThrow,6.0,25.0,320,240,150,[],Indoor,v_HammerThrow_g23_c04.avi
BandMarching,10.28,25.0,320,240,257,[],Indoor,v_BandMarching_g15_c04.avi
MoppingFloor,4.16,25.0,320,240,104,[],Indoor,v_MoppingFloor_g18_c03.avi
Kayaking,7.72,25.0,320,240,193,[],Outdoor,v_Kayaking_g22_c03.avi
HorseRace,8.908900000000001,29.97002997002997,320,240,267,[],Outdoor,v_HorseRace_g15_c03.avi
CricketBowling,2.08,25.0,320,240,52,[],Outdoor,v_CricketBowling_g25_c05.avi
HandStandPushups,6.28,25.0,320,240,157,[],Indoor,v_HandStandPushups_g21_c04.avi
JumpingJack,2.0020000000000002,29.97002997002997,320,240,60,[],Indoor,v_JumpingJack_g14_c04.avi
Knitting,9.4,25.0,320,240,235,[],Indoor,v_Knitting_g10_c07.avi
Nunchucks,11.44,25.0,320,240,286,"['Female', 'Male']",Indoor,v_Nunchucks_g13_c01.avi
Archery,6.32,25.0,320,240,158,['Female'],Outdoor,v_Archery_g02_c01.avi
BlowDryHair,3.88,25.0,320,240,97,[],Indoor,v_BlowDryHair_g06_c03.avi
PlayingCello,6.96,25.0,320,240,174,['Male'],Indoor,v_PlayingCello_g10_c02.avi
JugglingBalls,10.0,25.0,320,240,250,[],Indoor,v_JugglingBalls_g15_c01.avi
BlowingCandles,5.48,25.0,320,240,137,['Female'],Indoor,v_BlowingCandles_g15_c01.avi
BlowingCandles,3.28,25.0,320,240,82,"['Female', 'Male']",Indoor,v_BlowingCandles_g05_c04.avi
Basketball,2.8695333333333335,29.97002997002997,320,240,86,[],Indoor,v_Basketball_g03_c06.avi
BlowDryHair,17.6,25.0,320,240,440,[],Indoor,v_BlowDryHair_g11_c07.avi
FrisbeeCatch,3.4,25.0,320,240,85,[],Outdoor,v_FrisbeeCatch_g06_c03.avi
BoxingPunchingBag,10.08,25.0,320,240,252,[],Indoor,v_BoxingPunchingBag_g07_c01.avi
Fencing,5.16,25.0,320,240,129,[],Outdoor,v_Fencing_g20_c02.avi
BlowDryHair,5.2,25.0,320,240,130,['Female'],Indoor,v_BlowDryHair_g21_c04.avi
MoppingFloor,5.48,25.0,320,240,137,[],Indoor,v_MoppingFloor_g15_c04.avi
CricketBowling,2.88,25.0,320,240,72,[],Outdoor,v_CricketBowling_g25_c01.avi
HighJump,3.84,25.0,320,240,96,[],Outdoor,v_HighJump_g11_c01.avi
BabyCrawling,7.36,25.0,320,240,184,[],Indoor,v_BabyCrawling_g10_c04.avi
CliffDiving,3.24,25.0,320,240,81,[],Outdoor,v_CliffDiving_g21_c02.avi
HeadMassage,4.68,25.0,320,240,117,['Female'],Outdoor,v_HeadMassage_g09_c04.avi
JumpRope,14.948266666666667,29.97002997002997,320,240,448,[],Outdoor,v_JumpRope_g02_c01.avi
ApplyLipstick,7.12,25.0,320,240,178,"['Female', 'Male']",Indoor,v_ApplyLipstick_g22_c01.avi
JugglingBalls,10.16,25.0,320,240,254,"['Female', 'Male']",Indoor,v_JugglingBalls_g08_c03.avi
HighJump,7.32,25.0,320,240,183,[],Indoor,v_HighJump_g03_c04.avi
BlowingCandles,5.0,25.0,320,240,125,['Female'],Indoor,v_BlowingCandles_g18_c03.avi
FloorGymnastics,6.44,25.0,320,240,161,[],Indoor,v_FloorGymnastics_g15_c05.avi
Drumming,12.0,25.0,320,240,300,['Male'],Indoor,v_Drumming_g25_c01.avi
Billiards,13.48,25.0,320,240,337,[],Indoor,v_Billiards_g10_c02.avi
Knitting,6.96,25.0,320,240,174,[],Indoor,v_Knitting_g10_c01.avi
Haircut,8.76,25.0,320,240,219,['Male'],Indoor,v_Haircut_g24_c07.avi
BaseballPitch,2.3356666666666666,29.97002997002997,320,240,70,[],Indoor,v_BaseballPitch_g15_c01.avi
CricketBowling,2.88,25.0,320,240,72,[],Outdoor,v_CricketBowling_g13_c02.avi
Basketball,2.5692333333333335,29.97002997002997,320,240,77,[],Outdoor,v_Basketball_g06_c04.avi
BodyWeightSquats,2.08,25.0,320,240,52,['Male'],Indoor,v_BodyWeightSquats_g23_c01.avi
BlowingCandles,2.6,25.0,320,240,65,['Female'],Indoor,v_BlowingCandles_g24_c01.avi
BoxingPunchingBag,11.84,25.0,320,240,296,[],Indoor,v_BoxingPunchingBag_g05_c01.avi
FrisbeeCatch,2.96,25.0,320,240,74,[],Outdoor,v_FrisbeeCatch_g05_c05.avi
BlowDryHair,8.12,25.0,320,240,203,[],Indoor,v_BlowDryHair_g06_c02.avi
HorseRiding,6.7067000000000005,29.97002997002997,320,240,201,[],Indoor,v_HorseRiding_g09_c03.avi
Drumming,12.0,25.0,320,240,300,[],Indoor,v_Drumming_g19_c03.avi
Basketball,4.2042,29.97002997002997,320,240,126,[],Indoor,v_Basketball_g03_c02.avi
FieldHockeyPenalty,2.8,25.0,320,240,70,[],Outdoor,v_FieldHockeyPenalty_g03_c04.avi
CricketShot,2.0,25.0,320,240,50,[],Outdoor,v_CricketShot_g16_c07.avi
ApplyLipstick,14.76,25.0,320,240,369,"['Female', 'Male']",Indoor,v_ApplyLipstick_g01_c04.avi
CuttingInKitchen,3.92,25.0,320,240,98,[],Indoor,v_CuttingInKitchen_g07_c04.avi
JumpRope,11.544866666666667,29.97002997002997,320,240,346,[],Indoor,v_JumpRope_g01_c03.avi
JumpRope,10.2102,29.97002997002997,320,240,306,[],Indoor,v_JumpRope_g14_c04.avi
BalanceBeam,8.24,25.0,320,240,206,[],Outdoor,v_BalanceBeam_g09_c04.avi
MilitaryParade,4.36,25.0,320,240,109,[],Outdoor,v_MilitaryParade_g24_c02.avi
Hammering,5.72,25.0,320,240,143,"['Female', 'Male']",Indoor,v_Hammering_g01_c02.avi
HorseRiding,8.008000000000001,29.97002997002997,320,240,240,[],Indoor,v_HorseRiding_g22_c06.avi
CricketShot,6.32,25.0,320,240,158,[],Outdoor,v_CricketShot_g22_c03.avi
JavelinThrow,2.44,25.0,320,240,61,[],Outdoor,v_JavelinThrow_g03_c04.avi
BaseballPitch,3.937266666666667,29.97002997002997,320,240,118,[],Outdoor,v_BaseballPitch_g10_c03.avi
CleanAndJerk,12.08,25.0,320,240,302,[],Outdoor,v_CleanAndJerk_g11_c02.avi
BasketballDunk,3.52,25.0,320,240,88,[],Outdoor,v_BasketballDunk_g14_c01.avi
Basketball,4.7047,29.97002997002997,320,240,141,[],Outdoor,v_Basketball_g01_c05.avi
GolfSwing,4.5045,29.97002997002997,320,240,134,[],Outdoor,v_GolfSwing_g07_c05.avi
BoxingSpeedBag,6.56,25.0,320,240,164,[],Indoor,v_BoxingSpeedBag_g05_c02.avi
BrushingTeeth,25.32,25.0,320,240,633,"['Male', 'Female']",Indoor,v_BrushingTeeth_g19_c03.avi
BlowingCandles,3.84,25.0,320,240,96,"['Female', 'Male']",Indoor,v_BlowingCandles_g05_c05.avi
HandStandPushups,3.36,25.0,320,240,84,[],Indoor,v_HandStandPushups_g24_c04.avi
HammerThrow,8.44,25.0,320,240,211,[],Indoor,v_HammerThrow_g02_c06.avi
BrushingTeeth,10.64,25.0,320,240,266,['Male'],Indoor,v_BrushingTeeth_g12_c02.avi
BlowDryHair,4.48,25.0,320,240,112,['Male'],Indoor,v_BlowDryHair_g15_c02.avi
MoppingFloor,5.04,25.0,320,240,126,[],Indoor,v_MoppingFloor_g07_c05.avi
Kayaking,12.12,25.0,320,240,303,[],Outdoor,v_Kayaking_g25_c04.avi
BasketballDunk,5.92,25.0,320,240,148,[],Indoor,v_BasketballDunk_g21_c04.avi
HandstandWalking,3.52,25.0,320,240,88,[],Outdoor,v_HandstandWalking_g20_c04.avi
Biking,6.8068,29.97002997002997,320,240,204,[],Outdoor,v_Biking_g17_c05.avi
IceDancing,10.0,25.0,320,240,250,[],Outdoor,v_IceDancing_g13_c01.avi
Fencing,5.88,25.0,320,240,147,[],Indoor,v_Fencing_g07_c01.avi
HammerThrow,10.8,25.0,320,240,270,[],Indoor,v_HammerThrow_g02_c01.avi
BabyCrawling,6.56,25.0,320,240,164,"['Male', 'Female']",Indoor,v_BabyCrawling_g15_c06.avi
JumpingJack,3.1031,29.97002997002997,320,240,93,[],Indoor,v_JumpingJack_g17_c01.avi
Lunges,10.16,25.0,320,240,254,[],Outdoor,v_Lunges_g07_c07.avi
PizzaTossing,4.16,25.0,320,240,104,[],Indoor,v_PizzaTossing_g04_c01.avi
Mixing,4.88,25.0,320,240,122,[],Indoor,v_Mixing_g11_c05.avi
JumpingJack,2.6359666666666666,29.97002997002997,320,240,79,[],Indoor,v_JumpingJack_g19_c05.avi
HulaHoop,4.04,25.0,320,240,101,[],Outdoor,v_HulaHoop_g23_c05.avi
Billiards,12.76,25.0,320,240,319,[],Outdoor,v_Billiards_g23_c02.avi
Drumming,12.0,25.0,320,240,300,[],Indoor,v_Drumming_g23_c05.avi
HorseRiding,5.872533333333333,29.97002997002997,320,240,176,[],Indoor,v_HorseRiding_g20_c03.avi
Haircut,6.8,25.0,320,240,170,[],Indoor,v_Haircut_g15_c01.avi
HorseRace,4.938266666666666,29.97002997002997,320,240,148,[],Indoor,v_HorseRace_g04_c01.avi
Bowling,5.2,25.0,320,240,130,[],Indoor,v_Bowling_g06_c05.avi
Bowling,4.52,25.0,320,240,113,[],Indoor,v_Bowling_g16_c01.avi
Mixing,5.4,25.0,320,240,135,[],Indoor,v_Mixing_g24_c02.avi
Archery,7.72,25.0,320,240,193,[],Outdoor,v_Archery_g11_c01.avi
BasketballDunk,2.76,25.0,320,240,69,[],Outdoor,v_BasketballDunk_g10_c04.avi
ApplyEyeMakeup,6.32,25.0,320,240,158,['Female'],Indoor,v_ApplyEyeMakeup_g20_c02.avi
BoxingPunchingBag,6.48,25.0,320,240,162,[],Indoor,v_BoxingPunchingBag_g09_c06.avi
Basketball,3.370033333333333,29.97002997002997,320,240,101,[],Indoor,v_Basketball_g08_c04.avi
BasketballDunk,2.04,25.0,320,240,51,[],Indoor,v_BasketballDunk_g07_c06.avi
BlowDryHair,6.68,25.0,320,240,167,['Female'],Indoor,v_BlowDryHair_g01_c03.avi
PlayingCello,11.36,25.0,320,240,284,[],Indoor,v_PlayingCello_g09_c04.avi
HandStandPushups,2.88,25.0,320,240,72,[],Indoor,v_HandStandPushups_g06_c04.avi
BandMarching,5.84,25.0,320,240,146,[],Indoor,v_BandMarching_g17_c04.avi
HighJump,5.56,25.0,320,240,139,[],Outdoor,v_HighJump_g08_c05.avi
JumpRope,17.7177,29.97002997002997,320,240,531,[],Outdoor,v_JumpRope_g15_c05.avi
CricketShot,3.2,25.0,320,240,80,[],Outdoor,v_CricketShot_g04_c01.avi
HammerThrow,7.2,25.0,320,240,180,[],Outdoor,v_HammerThrow_g13_c01.avi
Diving,4.771433333333333,29.97002997002997,320,240,143,[],Outdoor,v_Diving_g15_c03.avi
LongJump,5.36,25.0,320,240,134,[],Outdoor,v_LongJump_g05_c03.avi
Nunchucks,11.0,25.0,320,240,275,['Male'],Indoor,v_Nunchucks_g17_c06.avi
BodyWeightSquats,4.48,25.0,320,240,112,[],Indoor,v_BodyWeightSquats_g13_c01.avi
Billiards,18.08,25.0,320,240,452,[],Indoor,v_Billiards_g21_c03.avi
MoppingFloor,4.4,25.0,320,240,110,[],Indoor,v_MoppingFloor_g18_c02.avi
Basketball,4.8048,29.97002997002997,320,240,144,[],Indoor,v_Basketball_g02_c05.avi
Basketball,3.370033333333333,29.97002997002997,320,240,101,[],Indoor,v_Basketball_g07_c02.avi
Nunchucks,8.2,25.0,320,240,205,[],Outdoor,v_Nunchucks_g11_c01.avi
HammerThrow,5.92,25.0,320,240,148,[],Outdoor,v_HammerThrow_g16_c04.avi
BlowDryHair,8.0,25.0,320,240,200,['Female'],Indoor,v_BlowDryHair_g14_c04.avi
GolfSwing,5.1051,29.97002997002997,320,240,153,[],Indoor,v_GolfSwing_g22_c05.avi
Basketball,4.0040000000000004,29.97002997002997,320,240,120,[],Indoor,v_Basketball_g15_c01.avi
CricketBowling,2.76,25.0,320,240,69,[],Outdoor,v_CricketBowling_g12_c06.avi
JumpingJack,3.069733333333333,29.97002997002997,320,240,92,[],Outdoor,v_JumpingJack_g01_c03.avi
BandMarching,19.52,25.0,320,240,488,[],Outdoor,v_BandMarching_g12_c01.avi
BodyWeightSquats,6.68,25.0,320,240,167,[],Outdoor,v_BodyWeightSquats_g20_c06.avi
PlayingCello,6.36,25.0,320,240,159,"['Female', 'Male']",Indoor,v_PlayingCello_g12_c01.avi
HorseRace,9.843166666666667,29.97002997002997,320,240,295,[],Indoor,v_HorseRace_g18_c05.avi
BabyCrawling,7.2,25.0,320,240,180,[],Indoor,v_BabyCrawling_g24_c06.avi
HulaHoop,4.6,25.0,320,240,115,[],Indoor,v_HulaHoop_g04_c05.avi
HorseRace,12.078733333333334,29.97002997002997,320,240,362,[],Indoor,v_HorseRace_g19_c06.avi
CricketShot,2.84,25.0,320,240,71,[],Outdoor,v_CricketShot_g24_c01.avi
Lunges,10.08,25.0,320,240,252,['Female'],Outdoor,v_Lunges_g12_c04.avi
BandMarching,6.44,25.0,320,240,161,[],Indoor,v_BandMarching_g10_c04.avi
BodyWeightSquats,10.4,25.0,320,240,260,[],Indoor,v_BodyWeightSquats_g09_c06.avi
CricketShot,3.92,25.0,320,240,98,[],Indoor,v_CricketShot_g08_c05.avi
FloorGymnastics,4.52,25.0,320,240,113,[],Indoor,v_FloorGymnastics_g07_c06.avi
HorseRace,9.509500000000001,29.97002997002997,320,240,285,[],Indoor,v_HorseRace_g14_c04.avi
HighJump,4.84,25.0,320,240,121,[],Outdoor,v_HighJump_g05_c01.avi
Fencing,4.92,25.0,320,240,123,[],Indoor,v_Fencing_g08_c04.avi
Bowling,4.52,25.0,320,240,113,[],Indoor,v_Bowling_g22_c02.avi
BandMarching,7.04,25.0,320,240,176,[],Outdoor,v_BandMarching_g20_c01.avi
ParallelBars,6.28,25.0,320,240,157,[],Outdoor,v_ParallelBars_g02_c02.avi
BrushingTeeth,7.16,25.0,320,240,179,['Male'],Indoor,v_BrushingTeeth_g15_c04.avi
HeadMassage,3.96,25.0,320,240,99,['Male'],Indoor,v_HeadMassage_g14_c05.avi
ParallelBars,4.92,25.0,320,240,123,[],Indoor,v_ParallelBars_g21_c03.avi
BabyCrawling,8.76,25.0,320,240,219,['Male'],Indoor,v_BabyCrawling_g01_c04.avi
BasketballDunk,3.56,25.0,320,240,89,[],Outdoor,v_BasketballDunk_g25_c04.avi
Kayaking,6.36,25.0,320,240,159,[],Outdoor,v_Kayaking_g07_c03.avi
BoxingSpeedBag,11.32,25.0,320,240,283,['Female'],Indoor,v_BoxingSpeedBag_g15_c04.avi
FieldHockeyPenalty,4.92,25.0,320,240,123,[],Outdoor,v_FieldHockeyPenalty_g25_c03.avi
CliffDiving,4.12,25.0,320,240,103,[],Outdoor,v_CliffDiving_g13_c01.avi
HorseRace,8.908900000000001,29.97002997002997,320,240,267,[],Outdoor,v_HorseRace_g18_c06.avi
Basketball,4.137466666666667,29.97002997002997,320,240,124,[],Outdoor,v_Basketball_g02_c06.avi
FrisbeeCatch,5.84,25.0,320,240,146,[],Outdoor,v_FrisbeeCatch_g25_c03.avi
CricketShot,3.0,25.0,320,240,75,[],Indoor,v_CricketShot_g08_c01.avi
CricketBowling,3.12,25.0,320,240,78,[],Outdoor,v_CricketBowling_g16_c07.avi
Kayaking,12.04,25.0,320,240,301,[],Outdoor,v_Kayaking_g16_c05.avi
BasketballDunk,3.4,25.0,320,240,85,[],Indoor,v_BasketballDunk_g23_c02.avi
Billiards,7.12,25.0,320,240,178,[],Indoor,v_Billiards_g18_c05.avi
HulaHoop,4.04,25.0,320,240,101,[],Indoor,v_HulaHoop_g09_c01.avi
BenchPress,2.44,25.0,320,240,61,[],Indoor,v_BenchPress_g08_c02.avi
Basketball,2.8028,29.97002997002997,320,240,84,[],Indoor,v_Basketball_g21_c06.avi
Nunchucks,5.52,25.0,320,240,138,[],Indoor,v_Nunchucks_g09_c05.avi
GolfSwing,4.237566666666667,29.97002997002997,320,240,127,[],Indoor,v_GolfSwing_g07_c03.avi
BlowDryHair,3.2,25.0,320,240,80,[],Indoor,v_BlowDryHair_g07_c05.avi
Haircut,3.16,25.0,320,240,79,[],Indoor,v_Haircut_g03_c03.avi
Billiards,16.08,25.0,320,240,402,[],Indoor,v_Billiards_g17_c03.avi
BalanceBeam,3.68,25.0,320,240,92,[],Indoor,v_BalanceBeam_g25_c03.avi
BlowingCandles,3.8,25.0,320,240,95,['Female'],Indoor,v_BlowingCandles_g18_c04.avi
CricketBowling,3.44,25.0,320,240,86,[],Outdoor,v_CricketBowling_g12_c05.avi
JavelinThrow,2.84,25.0,320,240,71,[],Outdoor,v_JavelinThrow_g12_c03.avi
Bowling,6.0,25.0,320,240,150,[],Indoor,v_Bowling_g11_c04.avi
Basketball,4.070733333333333,29.97002997002997,320,240,122,[],Indoor,v_Basketball_g09_c05.avi
JugglingBalls,10.36,25.0,320,240,259,[],Indoor,v_JugglingBalls_g21_c03.avi
JavelinThrow,3.64,25.0,320,240,91,[],Outdoor,v_JavelinThrow_g24_c01.avi
CleanAndJerk,11.6,25.0,320,240,290,[],Indoor,v_CleanAndJerk_g19_c01.avi
Archery,2.64,25.0,320,240,66,[],Outdoor,v_Archery_g17_c04.avi
PlayingCello,6.28,25.0,320,240,157,[],Indoor,v_PlayingCello_g02_c01.avi
BlowDryHair,14.72,25.0,320,240,368,"['Male', 'Female']",Indoor,v_BlowDryHair_g08_c01.avi
Fencing,6.08,25.0,320,240,152,[],Indoor,v_Fencing_g12_c04.avi
LongJump,5.72,25.0,320,240,143,[],Outdoor,v_LongJump_g01_c01.avi
CricketBowling,2.84,25.0,320,240,71,[],Indoor,v_CricketBowling_g18_c06.avi
Knitting,10.52,25.0,320,240,263,[],Indoor,v_Knitting_g05_c03.avi
CricketShot,2.12,25.0,320,240,53,[],Indoor,v_CricketShot_g08_c03.avi
JugglingBalls,9.96,25.0,320,240,249,[],Indoor,v_JugglingBalls_g25_c03.avi
Drumming,12.0,25.0,320,240,300,[],Indoor,v_Drumming_g11_c02.avi
ApplyEyeMakeup,6.32,25.0,320,240,158,['Female'],Indoor,v_ApplyEyeMakeup_g05_c03.avi
Hammering,4.04,25.0,320,240,101,[],Outdoor,v_Hammering_g13_c06.avi
Archery,14.52,25.0,320,240,363,"['Male', 'Female']",Outdoor,v_Archery_g08_c01.avi
MilitaryParade,5.52,25.0,320,240,138,[],Outdoor,v_MilitaryParade_g17_c02.avi
JumpingJack,2.135466666666667,29.97002997002997,320,240,64,[],Outdoor,v_JumpingJack_g10_c05.avi
Drumming,12.0,25.0,320,240,300,['Male'],Indoor,v_Drumming_g04_c07.avi
Bowling,5.04,25.0,320,240,126,[],Indoor,v_Bowling_g22_c04.avi
Basketball,4.0040000000000004,29.97002997002997,320,240,120,[],Indoor,v_Basketball_g24_c02.avi
FrontCrawl,6.88,25.0,320,240,172,[],Outdoor,v_FrontCrawl_g21_c02.avi
Hammering,5.36,25.0,320,240,134,[],Outdoor,v_Hammering_g06_c02.avi
CleanAndJerk,13.28,25.0,320,240,332,[],Indoor,v_CleanAndJerk_g20_c04.avi
BabyCrawling,6.32,25.0,320,240,158,"['Female', 'Male']",Outdoor,v_BabyCrawling_g16_c01.avi
HulaHoop,8.6,25.0,320,240,215,['Female'],Indoor,v_HulaHoop_g14_c02.avi
BandMarching,5.28,25.0,320,240,132,[],Outdoor,v_BandMarching_g09_c07.avi
Hammering,4.52,25.0,320,240,113,[],Outdoor,v_Hammering_g13_c04.avi
FrontCrawl,15.68,25.0,320,240,392,[],Outdoor,v_FrontCrawl_g04_c05.avi
CuttingInKitchen,5.52,25.0,320,240,138,[],Indoor,v_CuttingInKitchen_g13_c02.avi
Archery,3.68,25.0,320,240,92,[],Outdoor,v_Archery_g19_c04.avi
Lunges,10.12,25.0,320,240,253,[],Indoor,v_Lunges_g01_c05.avi
IceDancing,9.56,25.0,320,240,239,[],Outdoor,v_IceDancing_g18_c06.avi
BabyCrawling,10.0,25.0,320,240,250,[],Outdoor,v_BabyCrawling_g20_c07.avi
Bowling,5.24,25.0,320,240,131,[],Indoor,v_Bowling_g11_c02.avi
CricketShot,5.36,25.0,320,240,134,[],Outdoor,v_CricketShot_g11_c02.avi
Hammering,5.6,25.0,320,240,140,[],Outdoor,v_Hammering_g17_c07.avi
CleanAndJerk,7.76,25.0,320,240,194,[],Indoor,v_CleanAndJerk_g06_c02.avi
Lunges,9.84,25.0,320,240,246,[],Outdoor,v_Lunges_g07_c03.avi
FrontCrawl,8.24,25.0,320,240,206,[],Indoor,v_FrontCrawl_g20_c02.avi
FloorGymnastics,5.84,25.0,320,240,146,[],Outdoor,v_FloorGymnastics_g25_c02.avi
Kayaking,9.48,25.0,320,240,237,[],Outdoor,v_Kayaking_g04_c02.avi
FrontCrawl,7.72,25.0,320,240,193,[],Outdoor,v_FrontCrawl_g03_c05.avi
HorseRiding,6.7067000000000005,29.97002997002997,320,240,201,[],Outdoor,v_HorseRiding_g12_c02.avi
ParallelBars,5.48,25.0,320,240,137,[],Indoor,v_ParallelBars_g18_c01.avi
Fencing,6.52,25.0,320,240,163,[],Indoor,v_Fencing_g12_c01.avi
CliffDiving,4.68,25.0,320,240,117,[],Outdoor,v_CliffDiving_g23_c03.avi
Hammering,4.0,25.0,320,240,100,"['Female', 'Male']",Indoor,v_Hammering_g02_c03.avi
LongJump,6.24,25.0,320,240,156,[],Outdoor,v_LongJump_g24_c04.avi
BrushingTeeth,7.44,25.0,320,240,186,['Male'],Indoor,v_BrushingTeeth_g22_c04.avi
CricketShot,3.28,25.0,320,240,82,[],Indoor,v_CricketShot_g08_c06.avi
HorseRiding,8.008000000000001,29.97002997002997,320,240,240,[],Indoor,v_HorseRiding_g18_c06.avi
MilitaryParade,4.92,25.0,320,240,123,[],Indoor,v_MilitaryParade_g25_c06.avi
HammerThrow,6.16,25.0,320,240,154,[],Indoor,v_HammerThrow_g01_c05.avi
HulaHoop,3.64,25.0,320,240,91,[],Outdoor,v_HulaHoop_g03_c03.avi
CliffDiving,3.76,25.0,320,240,94,[],Outdoor,v_CliffDiving_g05_c07.avi
MilitaryParade,4.04,25.0,320,240,101,[],Outdoor,v_MilitaryParade_g24_c03.avi
CricketShot,2.84,25.0,320,240,71,[],Outdoor,v_CricketShot_g01_c07.avi
Billiards,11.24,25.0,320,240,281,[],Indoor,v_Billiards_g11_c07.avi
Knitting,10.2,25.0,320,240,255,[],Indoor,v_Knitting_g19_c03.avi
BandMarching,8.28,25.0,320,240,207,[],Outdoor,v_BandMarching_g14_c06.avi
Diving,10.143466666666667,29.97002997002997,320,240,304,[],Outdoor,v_Diving_g14_c02.avi
HeadMassage,3.0,25.0,320,240,75,"['Male', 'Female']",Indoor,v_HeadMassage_g16_c03.avi
HandstandWalking,7.04,25.0,320,240,176,[],Outdoor,v_HandstandWalking_g18_c05.avi
BenchPress,3.44,25.0,320,240,86,[],Indoor,v_BenchPress_g08_c06.avi
Basketball,3.2032000000000003,29.97002997002997,320,240,96,[],Indoor,v_Basketball_g08_c03.avi
HeadMassage,12.4,25.0,320,240,310,"['Male', 'Female']",Indoor,v_HeadMassage_g02_c06.avi
HorseRiding,6.7067000000000005,29.97002997002997,320,240,201,[],Indoor,v_HorseRiding_g10_c01.avi
CliffDiving,3.6,25.0,320,240,90,[],Outdoor,v_CliffDiving_g01_c01.avi
HandstandWalking,8.24,25.0,320,240,206,[],Indoor,v_HandstandWalking_g15_c01.avi
HandstandWalking,8.04,25.0,320,240,201,[],Indoor,v_HandstandWalking_g07_c06.avi
CricketShot,5.0,25.0,320,240,125,[],Outdoor,v_CricketShot_g20_c02.avi
HorseRiding,8.008000000000001,29.97002997002997,320,240,240,[],Outdoor,v_HorseRiding_g19_c07.avi
HammerThrow,6.16,25.0,320,240,154,[],Outdoor,v_HammerThrow_g22_c01.avi
CleanAndJerk,8.32,25.0,320,240,208,[],Outdoor,v_CleanAndJerk_g25_c03.avi
HorseRiding,6.006,29.97002997002997,320,240,180,[],Outdoor,v_HorseRiding_g07_c06.avi
BodyWeightSquats,4.6,25.0,320,240,115,[],Indoor,v_BodyWeightSquats_g13_c03.avi
BandMarching,7.52,25.0,320,240,188,[],Indoor,v_BandMarching_g10_c05.avi
ParallelBars,4.56,25.0,320,240,114,[],Indoor,v_ParallelBars_g08_c05.avi
BenchPress,3.72,25.0,320,240,93,[],Outdoor,v_BenchPress_g18_c01.avi
JugglingBalls,9.64,25.0,320,240,241,"['Female', 'Male']",Indoor,v_JugglingBalls_g05_c02.avi
JumpRope,20.186833333333333,29.97002997002997,320,240,604,[],Indoor,v_JumpRope_g10_c03.avi
FloorGymnastics,5.2,25.0,320,240,130,[],Outdoor,v_FloorGymnastics_g09_c02.avi
BoxingPunchingBag,6.48,25.0,320,240,162,[],Indoor,v_BoxingPunchingBag_g12_c01.avi
BoxingSpeedBag,11.96,25.0,320,240,299,[],Indoor,v_BoxingSpeedBag_g13_c04.avi
BoxingPunchingBag,4.52,25.0,320,240,113,[],Indoor,v_BoxingPunchingBag_g13_c01.avi
CleanAndJerk,4.04,25.0,320,240,101,[],Indoor,v_CleanAndJerk_g06_c03.avi
BrushingTeeth,9.24,25.0,320,240,231,['Female'],Indoor,v_BrushingTeeth_g11_c01.avi
BalanceBeam,4.0,25.0,320,240,100,[],Outdoor,v_BalanceBeam_g24_c03.avi
BodyWeightSquats,5.4,25.0,320,240,135,[],Indoor,v_BodyWeightSquats_g05_c02.avi
BlowingCandles,2.08,25.0,320,240,52,[],Indoor,v_BlowingCandles_g03_c02.avi
CricketBowling,2.56,25.0,320,240,64,[],Indoor,v_CricketBowling_g14_c03.avi
Diving,6.239566666666667,29.97002997002997,320,240,187,[],Indoor,v_Diving_g21_c02.avi
BenchPress,2.52,25.0,320,240,63,[],Indoor,v_BenchPress_g12_c02.avi
BandMarching,6.04,25.0,320,240,151,[],Outdoor,v_BandMarching_g01_c03.avi
BandMarching,12.04,25.0,320,240,301,[],Outdoor,v_BandMarching_g11_c02.avi
FieldHockeyPenalty,5.96,25.0,320,240,149,[],Outdoor,v_FieldHockeyPenalty_g24_c04.avi
HeadMassage,4.28,25.0,320,240,107,['Male'],Indoor,v_HeadMassage_g10_c01.avi
LongJump,6.24,25.0,320,240,156,[],Outdoor,v_LongJump_g25_c02.avi
Basketball,6.006,29.97002997002997,320,240,180,[],Outdoor,v_Basketball_g25_c05.avi
Knitting,11.76,25.0,320,240,294,[],Indoor,v_Knitting_g12_c02.avi
BasketballDunk,4.44,25.0,320,240,111,[],Indoor,v_BasketballDunk_g22_c03.avi
ApplyLipstick,12.84,25.0,320,240,321,"['Female', 'Male']",Indoor,v_ApplyLipstick_g06_c05.avi
BoxingPunchingBag,5.8,25.0,320,240,145,[],Indoor,v_BoxingPunchingBag_g22_c06.avi
ParallelBars,4.64,25.0,320,240,116,[],Indoor,v_ParallelBars_g05_c02.avi
FloorGymnastics,5.04,25.0,320,240,126,[],Outdoor,v_FloorGymnastics_g07_c02.avi
HeadMassage,6.96,25.0,320,240,174,"['Female', 'Male']",Indoor,v_HeadMassage_g11_c06.avi
ApplyEyeMakeup,5.0,25.0,320,240,125,"['Female', 'Male']",Indoor,v_ApplyEyeMakeup_g23_c03.avi
GolfSwing,6.673333333333334,29.97002997002997,320,240,200,[],Indoor,v_GolfSwing_g17_c07.avi
GolfSwing,6.039366666666667,29.97002997002997,320,240,181,[],Indoor,v_GolfSwing_g08_c03.avi
BaseballPitch,3.4034,29.97002997002997,320,240,102,[],Indoor,v_BaseballPitch_g20_c04.avi
LongJump,5.08,25.0,320,240,127,[],Outdoor,v_LongJump_g13_c04.avi
Kayaking,7.96,25.0,320,240,199,[],Outdoor,v_Kayaking_g09_c03.avi
Basketball,3.036366666666667,29.97002997002997,320,240,91,[],Outdoor,v_Basketball_g06_c03.avi
BaseballPitch,3.370033333333333,29.97002997002997,320,240,101,[],Outdoor,v_BaseballPitch_g25_c02.avi
CuttingInKitchen,6.92,25.0,320,240,173,[],Indoor,v_CuttingInKitchen_g21_c02.avi
BodyWeightSquats,6.72,25.0,320,240,168,[],Indoor,v_BodyWeightSquats_g10_c01.avi
BandMarching,5.24,25.0,320,240,131,[],Indoor,v_BandMarching_g22_c02.avi
HandStandPushups,5.0,25.0,320,240,125,[],Indoor,v_HandStandPushups_g18_c02.avi
Billiards,13.2,25.0,320,240,330,[],Indoor,v_Billiards_g15_c01.avi
BandMarching,5.8,25.0,320,240,145,[],Outdoor,v_BandMarching_g02_c07.avi
BabyCrawling,4.4,25.0,320,240,110,[],Outdoor,v_BabyCrawling_g13_c03.avi
Lunges,9.16,25.0,320,240,229,[],Outdoor,v_Lunges_g11_c05.avi
BalanceBeam,3.36,25.0,320,240,84,[],Indoor,v_BalanceBeam_g20_c01.avi
JumpRope,9.776433333333333,29.97002997002997,320,240,293,[],Indoor,v_JumpRope_g19_c02.avi
BasketballDunk,4.24,25.0,320,240,106,[],Indoor,v_BasketballDunk_g13_c03.avi
JavelinThrow,5.44,25.0,320,240,136,[],Outdoor,v_JavelinThrow_g25_c01.avi
FloorGymnastics,6.72,25.0,320,240,168,[],Outdoor,v_FloorGymnastics_g25_c01.avi
BoxingSpeedBag,5.0,25.0,320,240,125,[],Indoor,v_BoxingSpeedBag_g06_c05.avi
MoppingFloor,4.64,25.0,320,240,116,[],Indoor,v_MoppingFloor_g03_c01.avi
BlowDryHair,2.72,25.0,320,240,68,['Male'],Indoor,v_BlowDryHair_g07_c01.avi
Mixing,4.64,25.0,320,240,116,[],Indoor,v_Mixing_g14_c04.avi
BenchPress,2.72,25.0,320,240,68,[],Indoor,v_BenchPress_g12_c07.avi
Billiards,11.04,25.0,320,240,275,['Male'],Indoor,v_Billiards_g17_c01.avi
Nunchucks,10.88,25.0,320,240,272,['Female'],Indoor,v_Nunchucks_g20_c03.avi
BasketballDunk,3.84,25.0,320,240,96,[],Indoor,v_BasketballDunk_g22_c04.avi
HandStandPushups,5.0,25.0,320,240,125,[],Indoor,v_HandStandPushups_g14_c03.avi
BlowingCandles,3.04,25.0,320,240,76,[],Indoor,v_BlowingCandles_g08_c01.avi
CricketShot,2.56,25.0,320,240,64,[],Indoor,v_CricketShot_g05_c02.avi
IceDancing,9.92,25.0,320,240,248,[],Outdoor,v_IceDancing_g06_c04.avi
BalanceBeam,5.0,25.0,320,240,125,[],Indoor,v_BalanceBeam_g15_c03.avi
FieldHockeyPenalty,4.0,25.0,320,240,100,[],Outdoor,v_FieldHockeyPenalty_g05_c01.avi
BasketballDunk,3.2,25.0,320,240,80,[],Indoor,v_BasketballDunk_g15_c07.avi
MilitaryParade,4.2,25.0,320,240,105,[],Indoor,v_MilitaryParade_g05_c04.avi
Drumming,12.0,25.0,320,240,300,[],Indoor,v_Drumming_g19_c07.avi
CleanAndJerk,6.6,25.0,320,240,165,[],Indoor,v_CleanAndJerk_g15_c03.avi
HorseRiding,3.9706333333333332,29.97002997002997,320,240,119,[],Indoor,v_HorseRiding_g01_c04.avi
ParallelBars,4.28,25.0,320,240,107,['Male'],Indoor,v_ParallelBars_g01_c01.avi
Kayaking,6.88,25.0,320,240,172,[],Outdoor,v_Kayaking_g23_c03.avi
CliffDiving,3.68,25.0,320,240,92,[],Outdoor,v_CliffDiving_g16_c03.avi
HulaHoop,3.64,25.0,320,240,91,['Female'],Indoor,v_HulaHoop_g08_c01.avi
FrontCrawl,2.96,25.0,320,240,74,[],Indoor,v_FrontCrawl_g12_c03.avi
FrisbeeCatch,4.52,25.0,320,240,113,[],Outdoor,v_FrisbeeCatch_g24_c01.avi
IceDancing,10.08,25.0,320,240,252,[],Outdoor,v_IceDancing_g22_c04.avi
JumpRope,12.9129,29.97002997002997,320,240,387,[],Outdoor,v_JumpRope_g06_c01.avi
Bowling,3.48,25.0,320,240,87,[],Outdoor,v_Bowling_g11_c06.avi
ApplyEyeMakeup,4.92,25.0,320,240,123,['Male'],Indoor,v_ApplyEyeMakeup_g01_c02.avi
BenchPress,2.84,25.0,320,240,71,[],Outdoor,v_BenchPress_g07_c02.avi
Archery,7.8,25.0,320,240,195,[],Outdoor,v_Archery_g12_c04.avi
Billiards,11.24,25.0,320,240,281,[],Indoor,v_Billiards_g07_c04.avi
Bowling,5.08,25.0,320,240,127,[],Indoor,v_Bowling_g17_c06.avi
Basketball,3.370033333333333,29.97002997002997,320,240,101,[],Indoor,v_Basketball_g06_c02.avi
LongJump,6.76,25.0,320,240,169,[],Outdoor,v_LongJump_g24_c03.avi
Bowling,4.48,25.0,320,240,112,[],Outdoor,v_Bowling_g05_c07.avi
CuttingInKitchen,6.28,25.0,320,240,157,[],Indoor,v_CuttingInKitchen_g25_c02.avi
JumpRope,20.653966666666665,29.97002997002997,320,240,613,[],Indoor,v_JumpRope_g17_c04.avi
JavelinThrow,2.88,25.0,320,240,72,[],Indoor,v_JavelinThrow_g10_c01.avi
BodyWeightSquats,2.16,25.0,320,240,54,[],Indoor,v_BodyWeightSquats_g05_c03.avi
ApplyEyeMakeup,5.56,25.0,320,240,139,"['Female', 'Male']",Indoor,v_ApplyEyeMakeup_g06_c02.avi
BabyCrawling,11.72,25.0,320,240,293,[],Indoor,v_BabyCrawling_g25_c01.avi
Diving,7.2072,29.97002997002997,320,240,216,[],Indoor,v_Diving_g06_c04.avi
PlayingCello,10.8,25.0,320,240,270,[],Indoor,v_PlayingCello_g09_c07.avi
BasketballDunk,2.48,25.0,320,240,62,[],Indoor,v_BasketballDunk_g04_c03.avi
Haircut,6.16,25.0,320,240,154,[],Indoor,v_Haircut_g04_c05.avi
Haircut,5.4,25.0,320,240,135,[],Indoor,v_Haircut_g01_c01.avi
CricketShot,4.24,25.0,320,240,106,[],Outdoor,v_CricketShot_g11_c04.avi
BoxingPunchingBag,4.52,25.0,320,240,113,[],Outdoor,v_BoxingPunchingBag_g23_c07.avi
CricketShot,4.0,25.0,320,240,100,[],Outdoor,v_CricketShot_g06_c07.avi
JumpingJack,2.8361666666666667,29.97002997002997,320,240,85,[],Outdoor,v_JumpingJack_g03_c03.avi
PizzaTossing,4.76,25.0,320,240,119,[],Indoor,v_PizzaTossing_g13_c03.avi
Diving,6.373033333333334,29.97002997002997,320,240,191,[],Indoor,v_Diving_g12_c03.avi
Kayaking,15.92,25.0,320,240,398,[],Outdoor,v_Kayaking_g25_c02.avi
Haircut,5.08,25.0,320,240,127,[],Indoor,v_Haircut_g11_c05.avi
Basketball,6.139466666666666,29.97002997002997,320,240,184,[],Indoor,v_Basketball_g12_c02.avi
Mixing,4.2,25.0,320,240,105,[],Indoor,v_Mixing_g02_c02.avi
JavelinThrow,2.84,25.0,320,240,71,[],Outdoor,v_JavelinThrow_g02_c01.avi
Drumming,12.0,25.0,320,240,300,['Male'],Indoor,v_Drumming_g22_c02.avi
ParallelBars,5.0,25.0,320,240,125,[],Indoor,v_ParallelBars_g18_c04.avi
CricketShot,4.24,25.0,320,240,106,[],Outdoor,v_CricketShot_g17_c03.avi
HandstandWalking,4.24,25.0,320,240,106,[],Indoor,v_HandstandWalking_g01_c03.avi
FieldHockeyPenalty,2.84,25.0,320,240,71,[],Outdoor,v_FieldHockeyPenalty_g15_c04.avi
Knitting,8.04,25.0,320,240,201,[],Indoor,v_Knitting_g02_c04.avi
HighJump,3.84,25.0,320,240,96,[],Outdoor,v_HighJump_g25_c04.avi
BalanceBeam,2.28,25.0,320,240,57,[],Indoor,v_BalanceBeam_g23_c03.avi
HulaHoop,4.84,25.0,320,240,121,[],Outdoor,v_HulaHoop_g01_c05.avi
BodyWeightSquats,4.32,25.0,320,240,108,[],Outdoor,v_BodyWeightSquats_g19_c04.avi
GolfSwing,5.3053,29.97002997002997,320,240,159,[],Outdoor,v_GolfSwing_g21_c01.avi
IceDancing,9.76,25.0,320,240,244,[],Outdoor,v_IceDancing_g02_c05.avi
IceDancing,10.12,25.0,320,240,253,[],Indoor,v_IceDancing_g16_c03.avi
HandStandPushups,10.04,25.0,320,240,251,[],Indoor,v_HandStandPushups_g12_c07.avi
Mixing,4.84,25.0,320,240,121,[],Indoor,v_Mixing_g01_c04.avi
MilitaryParade,4.72,25.0,320,240,118,[],Outdoor,v_MilitaryParade_g12_c04.avi
HeadMassage,5.24,25.0,320,240,131,['Male'],Indoor,v_HeadMassage_g20_c02.avi
JumpingJack,2.1021,29.97002997002997,320,240,63,[],Indoor,v_JumpingJack_g02_c01.avi
Basketball,3.370033333333333,29.97002997002997,320,240,101,[],Indoor,v_Basketball_g07_c04.avi
JavelinThrow,3.84,25.0,320,240,96,[],Outdoor,v_JavelinThrow_g17_c01.avi
Bowling,3.4,25.0,320,240,85,[],Indoor,v_Bowling_g24_c07.avi
BrushingTeeth,11.4,25.0,320,240,285,"['Female', 'Male']",Indoor,v_BrushingTeeth_g23_c05.avi
HandstandWalking,8.84,25.0,320,240,221,[],Indoor,v_HandstandWalking_g19_c01.avi
MilitaryParade,5.52,25.0,320,240,138,[],Indoor,v_MilitaryParade_g17_c03.avi
HandstandWalking,8.88,25.0,320,240,222,[],Indoor,v_HandstandWalking_g05_c03.avi
CuttingInKitchen,8.24,25.0,320,240,206,[],Indoor,v_CuttingInKitchen_g16_c03.avi
BenchPress,8.84,25.0,320,240,221,[],Indoor,v_BenchPress_g02_c03.avi
HammerThrow,8.44,25.0,320,240,211,"['Male', 'Female']",Outdoor,v_HammerThrow_g03_c04.avi
BodyWeightSquats,3.24,25.0,320,240,81,"['Male', 'Female']",Indoor,v_BodyWeightSquats_g11_c01.avi
Drumming,12.0,25.0,320,240,300,[],Indoor,v_Drumming_g12_c04.avi
ApplyLipstick,6.96,25.0,320,240,174,['Female'],Indoor,v_ApplyLipstick_g14_c03.avi
LongJump,5.8,25.0,320,240,145,[],Indoor,v_LongJump_g16_c05.avi
MoppingFloor,7.68,25.0,320,240,192,[],Indoor,v_MoppingFloor_g21_c01.avi
BoxingPunchingBag,10.84,25.0,320,240,271,[],Indoor,v_BoxingPunchingBag_g04_c02.avi
ParallelBars,4.84,25.0,320,240,121,[],Indoor,v_ParallelBars_g25_c04.avi
BodyWeightSquats,2.16,25.0,320,240,54,[],Indoor,v_BodyWeightSquats_g07_c04.avi
BenchPress,8.0,25.0,320,240,200,[],Indoor,v_BenchPress_g13_c03.avi
Basketball,4.771433333333333,29.97002997002997,320,240,143,[],Indoor,v_Basketball_g11_c02.avi
HorseRace,4.6046000000000005,29.97002997002997,320,240,138,[],Indoor,v_HorseRace_g04_c05.avi
CricketBowling,4.68,25.0,320,240,117,[],Outdoor,v_CricketBowling_g03_c02.avi
Basketball,5.7057,29.97002997002997,320,240,171,[],Outdoor,v_Basketball_g08_c01.avi
FrontCrawl,8.0,25.0,320,240,200,[],Outdoor,v_FrontCrawl_g03_c06.avi
LongJump,4.6,25.0,320,240,115,[],Outdoor,v_LongJump_g19_c03.avi
Knitting,8.52,25.0,320,240,213,[],Indoor,v_Knitting_g15_c03.avi
Biking,12.012,29.97002997002997,320,240,360,[],Indoor,v_Biking_g07_c02.avi
Basketball,3.4701333333333335,29.97002997002997,320,240,104,[],Indoor,v_Basketball_g04_c02.avi
JavelinThrow,3.64,25.0,320,240,91,[],Outdoor,v_JavelinThrow_g17_c03.avi
Drumming,12.0,25.0,320,240,300,[],Indoor,v_Drumming_g14_c02.avi
MilitaryParade,4.4,25.0,320,240,110,[],Outdoor,v_MilitaryParade_g05_c02.avi
HandStandPushups,4.2,25.0,320,240,105,[],Indoor,v_HandStandPushups_g02_c03.avi
Mixing,3.92,25.0,320,240,98,[],Indoor,v_Mixing_g15_c04.avi
Haircut,9.96,25.0,320,240,249,[],Indoor,v_Haircut_g20_c04.avi
BoxingPunchingBag,19.68,25.0,320,240,492,[],Indoor,v_BoxingPunchingBag_g08_c06.avi
BenchPress,9.96,25.0,320,240,249,[],Indoor,v_BenchPress_g19_c04.avi
BlowDryHair,17.6,25.0,320,240,440,[],Indoor,v_BlowDryHair_g11_c06.avi
Mixing,3.12,25.0,320,240,78,[],Indoor,v_Mixing_g20_c03.avi
Bowling,4.68,25.0,320,240,117,[],Indoor,v_Bowling_g02_c04.avi
Lunges,9.64,25.0,320,240,241,[],Indoor,v_Lunges_g19_c07.avi
Fencing,5.16,25.0,320,240,129,[],Indoor,v_Fencing_g05_c03.avi
BrushingTeeth,10.44,25.0,320,240,261,"['Female', 'Male']",Indoor,v_BrushingTeeth_g23_c04.avi
CricketBowling,5.2,25.0,320,240,130,[],Outdoor,v_CricketBowling_g09_c04.avi
BoxingPunchingBag,6.68,25.0,320,240,167,[],Indoor,v_BoxingPunchingBag_g15_c07.avi
BasketballDunk,4.36,25.0,320,240,109,[],Outdoor,v_BasketballDunk_g02_c02.avi
Lunges,10.16,25.0,320,240,254,[],Outdoor,v_Lunges_g11_c07.avi
HandStandPushups,4.8,25.0,320,240,120,[],Indoor,v_HandStandPushups_g20_c04.avi
Diving,6.673333333333334,29.97002997002997,320,240,200,[],Indoor,v_Diving_g02_c05.avi
Biking,10.01,29.97002997002997,320,240,299,[],Indoor,v_Biking_g07_c04.avi
FrisbeeCatch,3.64,25.0,320,240,91,[],Outdoor,v_FrisbeeCatch_g16_c01.avi
ApplyLipstick,5.64,25.0,320,240,141,['Female'],Indoor,v_ApplyLipstick_g17_c05.avi
HorseRace,3.7370666666666668,29.97002997002997,320,240,112,[],Indoor,v_HorseRace_g07_c02.avi
BaseballPitch,2.5025,29.97002997002997,320,240,75,[],Indoor,v_BaseballPitch_g15_c03.avi
LongJump,4.92,25.0,320,240,123,['Male'],Outdoor,v_LongJump_g13_c01.avi
BenchPress,7.2,25.0,320,240,180,['Male'],Indoor,v_BenchPress_g01_c02.avi
Fencing,4.6,25.0,320,240,115,[],Indoor,v_Fencing_g13_c04.avi
JumpingJack,2.1021,29.97002997002997,320,240,63,[],Indoor,v_JumpingJack_g02_c02.avi
Billiards,9.2,25.0,320,240,230,[],Indoor,v_Billiards_g14_c03.avi
BenchPress,8.16,25.0,320,240,204,[],Indoor,v_BenchPress_g04_c04.avi
BaseballPitch,5.071733333333333,29.97002997002997,320,240,152,[],Indoor,v_BaseballPitch_g21_c03.avi
Basketball,3.6036,29.97002997002997,320,240,108,[],Indoor,v_Basketball_g01_c04.avi
Mixing,4.4,25.0,320,240,110,[],Indoor,v_Mixing_g12_c06.avi
MilitaryParade,5.12,25.0,320,240,128,[],Indoor,v_MilitaryParade_g25_c03.avi
BasketballDunk,2.6,25.0,320,240,65,[],Indoor,v_BasketballDunk_g01_c02.avi
IceDancing,9.6,25.0,320,240,240,[],Outdoor,v_IceDancing_g12_c01.avi
FloorGymnastics,7.0,25.0,320,240,175,[],Outdoor,v_FloorGymnastics_g17_c05.avi
JugglingBalls,10.04,25.0,320,240,251,['Male'],Indoor,v_JugglingBalls_g16_c03.avi
JumpRope,14.547866666666668,29.97002997002997,320,240,436,[],Indoor,v_JumpRope_g24_c07.avi
LongJump,6.0,25.0,320,240,150,[],Outdoor,v_LongJump_g19_c04.avi
BlowingCandles,2.4,25.0,320,240,60,[],Indoor,v_BlowingCandles_g01_c01.avi
BenchPress,2.6,25.0,320,240,65,[],Indoor,v_BenchPress_g05_c03.avi
Lunges,9.04,25.0,320,240,226,[],Indoor,v_Lunges_g01_c03.avi
Mixing,4.4,25.0,320,240,110,[],Indoor,v_Mixing_g01_c05.avi
CuttingInKitchen,6.76,25.0,320,240,169,[],Indoor,v_CuttingInKitchen_g01_c04.avi
CuttingInKitchen,2.32,25.0,320,240,58,[],Indoor,v_CuttingInKitchen_g19_c01.avi
BaseballPitch,2.8028,29.97002997002997,320,240,84,[],Indoor,v_BaseballPitch_g16_c05.avi
FieldHockeyPenalty,9.8,25.0,320,240,245,[],Outdoor,v_FieldHockeyPenalty_g12_c03.avi
BasketballDunk,3.44,25.0,320,240,86,[],Indoor,v_BasketballDunk_g11_c04.avi
Basketball,4.6046000000000005,29.97002997002997,320,240,138,[],Indoor,v_Basketball_g03_c01.avi
CliffDiving,2.6,25.0,320,240,65,[],Outdoor,v_CliffDiving_g14_c04.avi
CliffDiving,4.16,25.0,320,240,104,[],Outdoor,v_CliffDiving_g17_c03.avi
BrushingTeeth,9.16,25.0,320,240,229,"['Male', 'Female']",Indoor,v_BrushingTeeth_g05_c05.avi
BasketballDunk,2.64,25.0,320,240,66,[],Indoor,v_BasketballDunk_g01_c05.avi
BabyCrawling,7.6,25.0,320,240,190,['Female'],Indoor,v_BabyCrawling_g02_c06.avi
Basketball,4.7047,29.97002997002997,320,240,141,[],Indoor,v_Basketball_g01_c01.avi
BalanceBeam,7.2,25.0,320,240,180,[],Outdoor,v_BalanceBeam_g05_c04.avi
FrontCrawl,4.04,25.0,320,240,101,[],Indoor,v_FrontCrawl_g18_c03.avi
BenchPress,2.56,25.0,320,240,64,[],Indoor,v_BenchPress_g15_c02.avi
Diving,5.772433333333334,29.97002997002997,320,240,173,[],Indoor,v_Diving_g07_c04.avi
Bowling,6.36,25.0,320,240,159,[],Indoor,v_Bowling_g03_c01.avi
ApplyLipstick,5.6,25.0,320,240,140,"['Female', 'Male']",Indoor,v_ApplyLipstick_g20_c04.avi
Lunges,8.16,25.0,320,240,204,[],Indoor,v_Lunges_g22_c02.avi
HorseRace,9.342666666666666,29.97002997002997,320,240,280,[],Indoor,v_HorseRace_g21_c03.avi
ApplyEyeMakeup,6.8,25.0,320,240,170,[],Indoor,v_ApplyEyeMakeup_g02_c04.avi
HorseRace,7.4741333333333335,29.97002997002997,320,240,224,[],Indoor,v_HorseRace_g17_c05.avi
Basketball,2.9029000000000003,29.97002997002997,320,240,87,[],Indoor,v_Basketball_g05_c04.avi
MilitaryParade,5.52,25.0,320,240,138,[],Indoor,v_MilitaryParade_g19_c02.avi
BenchPress,2.84,25.0,320,240,71,[],Outdoor,v_BenchPress_g22_c04.avi
IceDancing,10.08,25.0,320,240,252,[],Indoor,v_IceDancing_g02_c02.avi
Diving,5.005,29.97002997002997,320,240,150,[],Indoor,v_Diving_g04_c07.avi
Biking,5.038366666666667,29.97002997002997,320,240,151,[],Indoor,v_Biking_g11_c02.avi
HammerThrow,6.52,25.0,320,240,163,[],Indoor,v_HammerThrow_g16_c01.avi
FrontCrawl,15.64,25.0,320,240,391,[],Outdoor,v_FrontCrawl_g11_c02.avi
JugglingBalls,9.92,25.0,320,240,248,['Male'],Indoor,v_JugglingBalls_g09_c06.avi
JumpRope,13.046366666666668,29.97002997002997,320,240,391,[],Indoor,v_JumpRope_g24_c02.avi
IceDancing,10.76,25.0,320,240,269,['Male'],Outdoor,v_IceDancing_g23_c06.avi
HulaHoop,4.04,25.0,320,240,101,[],Indoor,v_HulaHoop_g20_c06.avi
CricketShot,3.88,25.0,320,240,97,[],Indoor,v_CricketShot_g02_c03.avi
BaseballPitch,5.8058000000000005,29.97002997002997,320,240,172,[],Indoor,v_BaseballPitch_g10_c02.avi
Bowling,5.64,25.0,320,240,141,[],Indoor,v_Bowling_g13_c04.avi
Basketball,3.636966666666667,29.97002997002997,320,240,109,[],Indoor,v_Basketball_g04_c01.avi
IceDancing,9.96,25.0,320,240,249,[],Outdoor,v_IceDancing_g04_c02.avi
CricketBowling,3.72,25.0,320,240,93,[],Outdoor,v_CricketBowling_g16_c02.avi
Diving,3.8371666666666666,29.97002997002997,320,240,115,[],Outdoor,v_Diving_g03_c06.avi
BasketballDunk,3.12,25.0,320,240,78,[],Indoor,v_BasketballDunk_g24_c03.avi
MilitaryParade,3.72,25.0,320,240,93,[],Indoor,v_MilitaryParade_g02_c01.avi
ParallelBars,5.2,25.0,320,240,130,[],Indoor,v_ParallelBars_g08_c04.avi
BodyWeightSquats,10.68,25.0,320,240,267,[],Indoor,v_BodyWeightSquats_g01_c01.avi
IceDancing,10.56,25.0,320,240,264,[],Outdoor,v_IceDancing_g22_c07.avi
BrushingTeeth,6.32,25.0,320,240,158,"['Female', 'Male']",Indoor,v_BrushingTeeth_g17_c03.avi
HulaHoop,3.64,25.0,320,240,91,['Female'],Indoor,v_HulaHoop_g08_c02.avi
ApplyEyeMakeup,7.44,25.0,320,240,186,"['Female', 'Male']",Indoor,v_ApplyEyeMakeup_g14_c02.avi
HandStandPushups,3.72,25.0,320,240,93,[],Indoor,v_HandStandPushups_g18_c03.avi
HandStandPushups,6.04,25.0,320,240,151,[],Indoor,v_HandStandPushups_g11_c02.avi
BoxingSpeedBag,5.32,25.0,320,240,133,[],Indoor,v_BoxingSpeedBag_g25_c07.avi
Bowling,5.4,25.0,320,240,135,[],Indoor,v_Bowling_g08_c05.avi
IceDancing,9.4,25.0,320,240,235,[],Outdoor,v_IceDancing_g17_c02.avi
Billiards,12.28,25.0,320,240,307,[],Indoor,v_Billiards_g25_c06.avi
Mixing,5.2,25.0,320,240,130,[],Indoor,v_Mixing_g07_c04.avi
CleanAndJerk,5.92,25.0,320,240,148,[],Indoor,v_CleanAndJerk_g20_c01.avi
BaseballPitch,2.9029000000000003,29.97002997002997,320,240,87,[],Indoor,v_BaseballPitch_g17_c03.avi
FrontCrawl,9.4,25.0,320,240,235,[],Outdoor,v_FrontCrawl_g17_c03.avi
Hammering,3.0,25.0,320,240,75,[],Indoor,v_Hammering_g16_c04.avi
CricketBowling,3.24,25.0,320,240,81,[],Indoor,v_CricketBowling_g14_c01.avi
BoxingSpeedBag,10.0,25.0,320,240,250,[],Indoor,v_BoxingSpeedBag_g12_c04.avi
Kayaking,6.4,25.0,320,240,160,[],Outdoor,v_Kayaking_g15_c02.avi
BasketballDunk,2.08,25.0,320,240,52,[],Outdoor,v_BasketballDunk_g05_c01.avi
BoxingSpeedBag,15.24,25.0,320,240,381,['Female'],Indoor,v_BoxingSpeedBag_g09_c07.avi
Drumming,12.0,25.0,320,240,300,[],Indoor,v_Drumming_g13_c04.avi
CuttingInKitchen,13.12,25.0,320,240,328,[],Indoor,v_CuttingInKitchen_g10_c03.avi
Hammering,4.04,25.0,320,240,101,[],Indoor,v_Hammering_g23_c02.avi
HandstandWalking,7.8,25.0,320,240,195,[],Outdoor,v_HandstandWalking_g15_c02.avi
FrontCrawl,5.16,25.0,320,240,129,[],Indoor,v_FrontCrawl_g09_c05.avi
FieldHockeyPenalty,3.12,25.0,320,240,78,[],Outdoor,v_FieldHockeyPenalty_g25_c01.avi
JugglingBalls,9.32,25.0,320,240,233,['Female'],Indoor,v_JugglingBalls_g14_c01.avi
PlayingCello,8.04,25.0,320,240,201,['Female'],Indoor,v_PlayingCello_g08_c01.avi
Bowling,4.0,25.0,320,240,100,[],Indoor,v_Bowling_g07_c02.avi
Nunchucks,8.44,25.0,320,240,211,[],Indoor,v_Nunchucks_g25_c05.avi
Archery,11.8,25.0,320,240,295,['Male'],Outdoor,v_Archery_g11_c03.avi
HeadMassage,5.16,25.0,320,240,129,['Female'],Indoor,v_HeadMassage_g20_c04.avi
BlowingCandles,3.44,25.0,320,240,86,['Male'],Indoor,v_BlowingCandles_g12_c04.avi
Archery,2.56,25.0,320,240,64,[],Outdoor,v_Archery_g07_c05.avi
MilitaryParade,3.96,25.0,320,240,99,[],Outdoor,v_MilitaryParade_g09_c01.avi
Basketball,1.8685333333333334,29.97002997002997,320,240,56,[],Outdoor,v_Basketball_g02_c02.avi
Diving,5.6723333333333334,29.97002997002997,320,240,170,[],Outdoor,v_Diving_g11_c05.avi
Biking,8.008000000000001,29.97002997002997,320,240,240,[],Outdoor,v_Biking_g21_c04.avi
BlowingCandles,5.36,25.0,320,240,134,"['Female', 'Male']",Indoor,v_BlowingCandles_g06_c07.avi
Basketball,4.270933333333334,29.97002997002997,320,240,128,[],Indoor,v_Basketball_g10_c01.avi
CricketShot,4.72,25.0,320,240,118,[],Outdoor,v_CricketShot_g14_c06.avi
Nunchucks,9.64,25.0,320,240,241,[],Indoor,v_Nunchucks_g23_c03.avi
Knitting,9.68,25.0,320,240,242,[],Indoor,v_Knitting_g09_c04.avi
GolfSwing,3.8371666666666666,29.97002997002997,320,240,115,[],Indoor,v_GolfSwing_g18_c03.avi
CricketShot,4.08,25.0,320,240,102,[],Outdoor,v_CricketShot_g07_c07.avi
Basketball,2.6693333333333333,29.97002997002997,320,240,80,[],Outdoor,v_Basketball_g02_c04.avi
HorseRiding,4.671333333333333,29.97002997002997,320,240,140,[],Outdoor,v_HorseRiding_g12_c05.avi
Bowling,6.0,25.0,320,240,150,[],Indoor,v_Bowling_g20_c06.avi
FrontCrawl,11.96,25.0,320,240,299,[],Outdoor,v_FrontCrawl_g11_c01.avi
BasketballDunk,3.04,25.0,320,240,76,[],Outdoor,v_BasketballDunk_g16_c06.avi
MoppingFloor,8.84,25.0,320,240,221,['Female'],Indoor,v_MoppingFloor_g10_c02.avi
BalanceBeam,2.72,25.0,320,240,68,[],Indoor,v_BalanceBeam_g11_c02.avi
BabyCrawling,5.44,25.0,320,240,136,[],Indoor,v_BabyCrawling_g09_c03.avi
PizzaTossing,4.56,25.0,320,240,114,[],Indoor,v_PizzaTossing_g15_c03.avi
Basketball,2.3690333333333333,29.97002997002997,320,240,71,[],Indoor,v_Basketball_g06_c01.avi
Archery,13.04,25.0,320,240,326,"['Male', 'Female']",Outdoor,v_Archery_g08_c03.avi
Knitting,5.36,25.0,320,240,134,[],Outdoor,v_Knitting_g23_c03.avi
CuttingInKitchen,11.08,25.0,320,240,277,[],Indoor,v_CuttingInKitchen_g20_c02.avi
GolfSwing,5.739066666666667,29.97002997002997,320,240,172,[],Indoor,v_GolfSwing_g01_c01.avi
BoxingSpeedBag,13.84,25.0,320,240,346,[],Indoor,v_BoxingSpeedBag_g15_c05.avi
Nunchucks,11.08,25.0,320,240,277,"['Female', 'Male']",Outdoor,v_Nunchucks_g15_c05.avi
CliffDiving,3.88,25.0,320,240,97,[],Outdoor,v_CliffDiving_g02_c02.avi
Drumming,9.24,25.0,320,240,231,[],Indoor,v_Drumming_g03_c02.avi
FloorGymnastics,6.12,25.0,320,240,153,[],Indoor,v_FloorGymnastics_g09_c03.avi
BandMarching,10.4,25.0,320,240,260,[],Outdoor,v_BandMarching_g12_c03.avi
FloorGymnastics,6.96,25.0,320,240,174,[],Indoor,v_FloorGymnastics_g07_c05.avi
PizzaTossing,4.56,25.0,320,240,114,[],Indoor,v_PizzaTossing_g21_c04.avi
Biking,5.572233333333333,29.97002997002997,320,240,167,[],Indoor,v_Biking_g24_c03.avi
BoxingPunchingBag,4.8,25.0,320,240,120,[],Indoor,v_BoxingPunchingBag_g25_c04.avi
CricketBowling,4.12,25.0,320,240,103,[],Indoor,v_CricketBowling_g04_c04.avi
Biking,11.2112,29.97002997002997,320,240,336,[],Indoor,v_Biking_g20_c03.avi
HorseRiding,6.006,29.97002997002997,320,240,180,[],Indoor,v_HorseRiding_g07_c03.avi
BoxingSpeedBag,11.0,25.0,320,240,275,[],Indoor,v_BoxingSpeedBag_g11_c04.avi
HorseRace,9.542866666666667,29.97002997002997,320,240,286,[],Indoor,v_HorseRace_g25_c02.avi
FrisbeeCatch,4.72,25.0,320,240,118,[],Outdoor,v_FrisbeeCatch_g16_c06.avi
Basketball,4.137466666666667,29.97002997002997,320,240,124,[],Outdoor,v_Basketball_g10_c02.avi
HeadMassage,6.08,25.0,320,240,152,[],Indoor,v_HeadMassage_g01_c02.avi
Kayaking,7.04,25.0,320,240,176,[],Outdoor,v_Kayaking_g23_c01.avi
PlayingCello,10.16,25.0,320,240,254,['Male'],Indoor,v_PlayingCello_g09_c06.avi
BaseballPitch,2.9362666666666666,29.97002997002997,320,240,87,[],Indoor,v_BaseballPitch_g07_c04.avi
HighJump,4.8,25.0,320,240,120,[],Indoor,v_HighJump_g25_c02.avi
Knitting,9.6,25.0,320,240,240,[],Indoor,v_Knitting_g02_c05.avi
HighJump,6.24,25.0,320,240,156,['Male'],Outdoor,v_HighJump_g23_c02.avi
CricketShot,5.08,25.0,320,240,127,[],Indoor,v_CricketShot_g02_c05.avi
Basketball,3.7370666666666668,29.97002997002997,320,240,112,[],Indoor,v_Basketball_g02_c03.avi
BoxingSpeedBag,4.44,25.0,320,240,111,['Female'],Indoor,v_BoxingSpeedBag_g04_c01.avi
FrisbeeCatch,5.16,25.0,320,240,129,[],Outdoor,v_FrisbeeCatch_g17_c05.avi
HorseRace,10.01,29.97002997002997,320,240,300,[],Outdoor,v_HorseRace_g02_c02.avi
FieldHockeyPenalty,6.76,25.0,320,240,169,[],Outdoor,v_FieldHockeyPenalty_g09_c03.avi
Drumming,8.08,25.0,320,240,202,[],Indoor,v_Drumming_g18_c01.avi
GolfSwing,4.771433333333333,29.97002997002997,320,240,143,[],Indoor,v_GolfSwing_g17_c06.avi
GolfSwing,6.1061000000000005,29.97002997002997,320,240,183,[],Indoor,v_GolfSwing_g04_c04.avi
JumpingJack,2.7027,29.97002997002997,320,240,81,[],Indoor,v_JumpingJack_g05_c01.avi
HorseRiding,5.038366666666667,29.97002997002997,320,240,151,[],Indoor,v_HorseRiding_g05_c03.avi
Mixing,3.96,25.0,320,240,99,[],Indoor,v_Mixing_g12_c07.avi
CricketBowling,2.64,25.0,320,240,66,[],Outdoor,v_CricketBowling_g09_c06.avi
HeadMassage,10.96,25.0,320,240,274,"['Male', 'Female']",Indoor,v_HeadMassage_g23_c05.avi
HorseRace,6.3063,29.97002997002997,320,240,189,[],Indoor,v_HorseRace_g09_c01.avi
HammerThrow,7.32,25.0,320,240,183,[],Indoor,v_HammerThrow_g17_c03.avi
Nunchucks,10.2,25.0,320,240,255,"['Male', 'Female']",Indoor,v_Nunchucks_g18_c06.avi
JumpingJack,2.8028,29.97002997002997,320,240,84,[],Indoor,v_JumpingJack_g07_c03.avi
BrushingTeeth,9.4,25.0,320,240,235,['Male'],Indoor,v_BrushingTeeth_g14_c05.avi
BoxingPunchingBag,5.28,25.0,320,240,132,['Male'],Indoor,v_BoxingPunchingBag_g06_c01.avi
LongJump,3.96,25.0,320,240,99,[],Indoor,v_LongJump_g15_c01.avi
BabyCrawling,5.64,25.0,320,240,141,[],Indoor,v_BabyCrawling_g17_c01.avi
BenchPress,8.32,25.0,320,240,208,[],Indoor,v_BenchPress_g04_c03.avi
MoppingFloor,11.44,25.0,320,240,286,['Female'],Indoor,v_MoppingFloor_g05_c01.avi
Kayaking,7.64,25.0,320,240,191,[],Outdoor,v_Kayaking_g04_c05.avi
Diving,4.170833333333333,29.97002997002997,320,240,125,[],Outdoor,v_Diving_g11_c02.avi
Haircut,5.16,25.0,320,240,129,['Male'],Indoor,v_Haircut_g14_c02.avi
CuttingInKitchen,15.76,25.0,320,240,394,[],Indoor,v_CuttingInKitchen_g10_c07.avi
LongJump,5.44,25.0,320,240,136,[],Outdoor,v_LongJump_g16_c02.avi
BasketballDunk,2.44,25.0,320,240,61,[],Outdoor,v_BasketballDunk_g17_c05.avi
BrushingTeeth,6.84,25.0,320,240,171,"['Female', 'Male']",Indoor,v_BrushingTeeth_g08_c03.avi
BlowDryHair,11.32,25.0,320,240,283,[],Indoor,v_BlowDryHair_g18_c04.avi
IceDancing,10.32,25.0,320,240,258,[],Outdoor,v_IceDancing_g16_c01.avi
BenchPress,3.84,25.0,320,240,96,[],Indoor,v_BenchPress_g14_c01.avi
CricketShot,5.36,25.0,320,240,134,[],Indoor,v_CricketShot_g12_c02.avi
Fencing,5.0,25.0,320,240,125,[],Outdoor,v_Fencing_g06_c04.avi
Bowling,5.36,25.0,320,240,134,[],Indoor,v_Bowling_g20_c02.avi
ApplyLipstick,5.64,25.0,320,240,141,"['Female', 'Male']",Indoor,v_ApplyLipstick_g12_c03.avi
BabyCrawling,4.36,25.0,320,240,109,['Male'],Indoor,v_BabyCrawling_g17_c05.avi
LongJump,4.6,25.0,320,240,115,[],Outdoor,v_LongJump_g12_c06.avi
BodyWeightSquats,8.92,25.0,320,240,223,[],Indoor,v_BodyWeightSquats_g18_c04.avi
Nunchucks,11.84,25.0,320,240,296,"['Male', 'Female']",Indoor,v_Nunchucks_g13_c05.avi
BlowDryHair,7.52,25.0,320,240,188,[],Indoor,v_BlowDryHair_g05_c03.avi
HorseRiding,6.7067000000000005,29.97002997002997,320,240,201,[],Indoor,v_HorseRiding_g18_c03.avi
Lunges,10.28,25.0,320,240,257,[],Indoor,v_Lunges_g19_c04.avi
JumpingJack,2.8695333333333335,29.97002997002997,320,240,86,[],Indoor,v_JumpingJack_g25_c05.avi
Basketball,6.006,29.97002997002997,320,240,180,[],Indoor,v_Basketball_g01_c02.avi
Mixing,3.68,25.0,320,240,92,[],Indoor,v_Mixing_g22_c04.avi
CleanAndJerk,10.88,25.0,320,240,272,[],Outdoor,v_CleanAndJerk_g22_c03.avi
FieldHockeyPenalty,5.6,25.0,320,240,140,[],Outdoor,v_FieldHockeyPenalty_g14_c03.avi
Hammering,4.2,25.0,320,240,105,[],Indoor,v_Hammering_g24_c04.avi
BasketballDunk,2.24,25.0,320,240,56,[],Indoor,v_BasketballDunk_g02_c01.avi
BaseballPitch,4.871533333333334,29.97002997002997,320,240,146,[],Indoor,v_BaseballPitch_g24_c01.avi
FrisbeeCatch,3.44,25.0,320,240,86,[],Outdoor,v_FrisbeeCatch_g15_c01.avi
Nunchucks,10.32,25.0,320,240,258,"['Male', 'Female']",Outdoor,v_Nunchucks_g15_c02.avi
Archery,8.12,25.0,320,240,203,[],Outdoor,v_Archery_g15_c04.avi
HorseRiding,6.7067000000000005,29.97002997002997,320,240,201,[],Outdoor,v_HorseRiding_g13_c02.avi
Hammering,4.0,25.0,320,240,100,"['Female', 'Male']",Outdoor,v_Hammering_g05_c01.avi
Drumming,7.04,25.0,320,240,176,[],Indoor,v_Drumming_g05_c03.avi
Knitting,8.72,25.0,320,240,218,[],Indoor,v_Knitting_g02_c02.avi
CleanAndJerk,4.96,25.0,320,240,124,[],Indoor,v_CleanAndJerk_g01_c03.avi
Basketball,4.0040000000000004,29.97002997002997,320,240,120,[],Indoor,v_Basketball_g03_c03.avi
CricketShot,2.28,25.0,320,240,57,[],Outdoor,v_CricketShot_g16_c06.avi
CricketBowling,4.28,25.0,320,240,107,[],Outdoor,v_CricketBowling_g25_c06.avi
Kayaking,6.56,25.0,320,240,164,[],Outdoor,v_Kayaking_g18_c01.avi
HeadMassage,3.56,25.0,320,240,89,['Male'],Indoor,v_HeadMassage_g25_c07.avi
PizzaTossing,5.44,25.0,320,240,136,[],Indoor,v_PizzaTossing_g22_c01.avi
FrontCrawl,10.0,25.0,320,240,250,[],Indoor,v_FrontCrawl_g23_c03.avi
Basketball,3.370033333333333,29.97002997002997,320,240,101,[],Indoor,v_Basketball_g09_c04.avi
FieldHockeyPenalty,6.72,25.0,320,240,168,[],Outdoor,v_FieldHockeyPenalty_g10_c04.avi
Hammering,3.64,25.0,320,240,91,[],Outdoor,v_Hammering_g06_c01.avi
BoxingPunchingBag,5.0,25.0,320,240,125,[],Indoor,v_BoxingPunchingBag_g14_c05.avi
ParallelBars,6.52,25.0,320,240,163,[],Outdoor,v_ParallelBars_g22_c03.avi
CricketShot,3.04,25.0,320,240,76,[],Indoor,v_CricketShot_g13_c03.avi
JumpRope,20.787433333333333,29.97002997002997,320,240,614,[],Indoor,v_JumpRope_g17_c01.avi
BasketballDunk,2.68,25.0,320,240,67,[],Outdoor,v_BasketballDunk_g13_c02.avi
LongJump,6.2,25.0,320,240,155,[],Outdoor,v_LongJump_g23_c02.avi
FrontCrawl,5.84,25.0,320,240,146,[],Outdoor,v_FrontCrawl_g05_c04.avi
CricketBowling,2.44,25.0,320,240,61,[],Indoor,v_CricketBowling_g14_c05.avi
Knitting,5.0,25.0,320,240,125,[],Indoor,v_Knitting_g12_c01.avi
BoxingPunchingBag,8.6,25.0,320,240,215,[],Indoor,v_BoxingPunchingBag_g18_c05.avi
MilitaryParade,4.88,25.0,320,240,122,[],Outdoor,v_MilitaryParade_g21_c03.avi
BalanceBeam,5.0,25.0,320,240,125,[],Outdoor,v_BalanceBeam_g21_c03.avi
JugglingBalls,10.24,25.0,320,240,256,['Male'],Outdoor,v_JugglingBalls_g03_c04.avi
HammerThrow,7.88,25.0,320,240,197,[],Indoor,v_HammerThrow_g19_c07.avi
CleanAndJerk,6.04,25.0,320,240,151,[],Indoor,v_CleanAndJerk_g12_c07.avi
BandMarching,6.24,25.0,320,240,156,[],Outdoor,v_BandMarching_g02_c01.avi
BalanceBeam,2.76,25.0,320,240,69,[],Outdoor,v_BalanceBeam_g10_c02.avi
GolfSwing,3.6703333333333332,29.97002997002997,320,240,110,[],Outdoor,v_GolfSwing_g21_c03.avi
BabyCrawling,3.68,25.0,320,240,92,[],Indoor,v_BabyCrawling_g22_c06.avi
FrontCrawl,4.12,25.0,320,240,103,[],Outdoor,v_FrontCrawl_g18_c02.avi
Drumming,12.0,25.0,320,240,300,['Male'],Indoor,v_Drumming_g22_c03.avi
BasketballDunk,2.36,25.0,320,240,59,[],Indoor,v_BasketballDunk_g08_c04.avi
BoxingPunchingBag,7.04,25.0,320,240,176,[],Indoor,v_BoxingPunchingBag_g03_c01.avi
Nunchucks,6.52,25.0,320,240,163,[],Indoor,v_Nunchucks_g12_c04.avi
HammerThrow,5.72,25.0,320,240,143,[],Indoor,v_HammerThrow_g09_c07.avi
ApplyLipstick,11.08,25.0,320,240,277,['Female'],Indoor,v_ApplyLipstick_g12_c04.avi
PizzaTossing,8.08,25.0,320,240,202,"['Female', 'Male']",Indoor,v_PizzaTossing_g23_c07.avi
Billiards,12.76,25.0,320,240,319,[],Indoor,v_Billiards_g08_c01.avi
HammerThrow,8.12,25.0,320,240,203,[],Outdoor,v_HammerThrow_g20_c01.avi
JugglingBalls,10.0,25.0,320,240,250,"['Female', 'Male']",Indoor,v_JugglingBalls_g08_c04.avi
Basketball,5.8058000000000005,29.97002997002997,320,240,174,[],Indoor,v_Basketball_g15_c05.avi
CleanAndJerk,9.48,25.0,320,240,237,[],Indoor,v_CleanAndJerk_g04_c02.avi
HulaHoop,3.24,25.0,320,240,81,[],Outdoor,v_HulaHoop_g23_c01.avi
MoppingFloor,6.32,25.0,320,240,158,[],Indoor,v_MoppingFloor_g07_c01.avi
Haircut,10.08,25.0,320,240,252,[],Indoor,v_Haircut_g19_c01.avi
HammerThrow,10.44,25.0,320,240,261,[],Outdoor,v_HammerThrow_g05_c06.avi
JavelinThrow,3.08,25.0,320,240,77,[],Outdoor,v_JavelinThrow_g07_c01.avi
Billiards,8.92,25.0,320,240,223,[],Indoor,v_Billiards_g12_c06.avi
BenchPress,3.64,25.0,320,240,91,[],Indoor,v_BenchPress_g20_c03.avi
JumpRope,13.680333333333333,29.97002997002997,320,240,410,[],Indoor,v_JumpRope_g24_c01.avi
BalanceBeam,4.28,25.0,320,240,107,[],Indoor,v_BalanceBeam_g07_c04.avi
Fencing,5.68,25.0,320,240,142,[],Indoor,v_Fencing_g19_c03.avi
FieldHockeyPenalty,2.84,25.0,320,240,71,[],Outdoor,v_FieldHockeyPenalty_g23_c03.avi
Diving,5.9726333333333335,29.97002997002997,320,240,179,[],Outdoor,v_Diving_g07_c01.avi
Archery,10.48,25.0,320,240,262,[],Outdoor,v_Archery_g16_c05.avi
MilitaryParade,6.24,25.0,320,240,156,[],Indoor,v_MilitaryParade_g07_c04.avi
JumpingJack,2.6693333333333333,29.97002997002997,320,240,80,[],Indoor,v_JumpingJack_g04_c03.avi
CliffDiving,3.56,25.0,320,240,89,[],Outdoor,v_CliffDiving_g10_c03.avi
PizzaTossing,4.64,25.0,320,240,116,[],Indoor,v_PizzaTossing_g07_c03.avi
CuttingInKitchen,6.24,25.0,320,240,156,[],Indoor,v_CuttingInKitchen_g18_c04.avi
Hammering,3.56,25.0,320,240,89,[],Indoor,v_Hammering_g19_c04.avi
ApplyEyeMakeup,3.76,25.0,320,240,94,"['Female', 'Male']",Indoor,v_ApplyEyeMakeup_g17_c03.avi
HorseRace,7.374033333333333,29.97002997002997,320,240,221,[],Indoor,v_HorseRace_g10_c03.avi
FrisbeeCatch,2.88,25.0,320,240,72,[],Outdoor,v_FrisbeeCatch_g09_c01.avi
BandMarching,8.8,25.0,320,240,220,[],Outdoor,v_BandMarching_g14_c03.avi
Kayaking,15.0,25.0,320,240,375,[],Outdoor,v_Kayaking_g13_c03.avi
HandStandPushups,3.4,25.0,320,240,85,[],Indoor,v_HandStandPushups_g12_c02.avi
Billiards,14.24,25.0,320,240,356,[],Indoor,v_Billiards_g02_c04.avi
ApplyEyeMakeup,6.4,25.0,320,240,160,"['Male', 'Female']",Indoor,v_ApplyEyeMakeup_g14_c05.avi
GolfSwing,4.4044,29.97002997002997,320,240,132,[],Indoor,v_GolfSwing_g11_c05.avi
Archery,5.6,25.0,320,240,140,[],Indoor,v_Archery_g10_c02.avi
Billiards,11.6,25.0,320,240,290,[],Indoor,v_Billiards_g11_c04.avi
BandMarching,8.56,25.0,320,240,214,[],Outdoor,v_BandMarching_g25_c07.avi
HorseRiding,8.008000000000001,29.97002997002997,320,240,240,[],Outdoor,v_HorseRiding_g25_c04.avi
PizzaTossing,4.96,25.0,320,240,124,[],Indoor,v_PizzaTossing_g11_c04.avi
BasketballDunk,3.32,25.0,320,240,83,[],Outdoor,v_BasketballDunk_g17_c04.avi
HulaHoop,4.44,25.0,320,240,111,[],Indoor,v_HulaHoop_g04_c04.avi
Lunges,10.4,25.0,320,240,260,[],Outdoor,v_Lunges_g04_c02.avi
CleanAndJerk,5.24,25.0,320,240,131,[],Indoor,v_CleanAndJerk_g25_c01.avi
BrushingTeeth,6.8,25.0,320,240,170,"['Male', 'Female']",Indoor,v_BrushingTeeth_g05_c01.avi
JumpRope,7.374033333333333,29.97002997002997,320,240,221,[],Indoor,v_JumpRope_g22_c06.avi
ApplyLipstick,6.28,25.0,320,240,157,['Male'],Indoor,v_ApplyLipstick_g21_c02.avi
HeadMassage,9.52,25.0,320,240,238,[],Indoor,v_HeadMassage_g06_c03.avi
CleanAndJerk,9.36,25.0,320,240,234,[],Outdoor,v_CleanAndJerk_g22_c01.avi
PizzaTossing,4.84,25.0,320,240,121,[],Indoor,v_PizzaTossing_g17_c03.avi
HorseRiding,3.1031,29.97002997002997,320,240,93,[],Indoor,v_HorseRiding_g14_c03.avi
HighJump,5.48,25.0,320,240,137,[],Outdoor,v_HighJump_g02_c01.avi
Diving,4.971633333333333,29.97002997002997,320,240,149,[],Outdoor,v_Diving_g25_c04.avi
CricketShot,4.64,25.0,320,240,116,[],Outdoor,v_CricketShot_g04_c02.avi
HeadMassage,9.24,25.0,320,240,231,['Male'],Indoor,v_HeadMassage_g07_c04.avi
Biking,6.039366666666667,29.97002997002997,320,240,181,[],Indoor,v_Biking_g18_c04.avi
LongJump,5.6,25.0,320,240,140,[],Outdoor,v_LongJump_g09_c04.avi
BoxingSpeedBag,9.2,25.0,320,240,230,[],Indoor,v_BoxingSpeedBag_g13_c05.avi
BlowDryHair,4.76,25.0,320,240,119,['Female'],Indoor,v_BlowDryHair_g16_c01.avi
HulaHoop,3.64,25.0,320,240,91,[],Outdoor,v_HulaHoop_g09_c05.avi
JavelinThrow,5.28,25.0,320,240,132,[],Outdoor,v_JavelinThrow_g04_c01.avi
Haircut,6.0,25.0,320,240,150,['Male'],Indoor,v_Haircut_g04_c04.avi
CricketShot,2.76,25.0,320,240,69,[],Outdoor,v_CricketShot_g24_c06.avi
JumpingJack,2.769433333333333,29.97002997002997,320,240,83,[],Outdoor,v_JumpingJack_g19_c01.avi
Mixing,4.08,25.0,320,240,102,[],Indoor,v_Mixing_g15_c03.avi
Hammering,6.24,25.0,320,240,156,[],Indoor,v_Hammering_g23_c06.avi
FrisbeeCatch,4.36,25.0,320,240,109,[],Outdoor,v_FrisbeeCatch_g21_c02.avi
Knitting,10.04,25.0,320,240,251,[],Indoor,v_Knitting_g14_c04.avi
Basketball,3.7037,29.97002997002997,320,240,111,[],Indoor,v_Basketball_g09_c01.avi
BenchPress,8.64,25.0,320,240,216,[],Indoor,v_BenchPress_g25_c04.avi
BlowDryHair,2.92,25.0,320,240,73,['Female'],Indoor,v_BlowDryHair_g15_c04.avi
HorseRiding,8.074733333333333,29.97002997002997,320,240,240,[],Indoor,v_HorseRiding_g15_c01.avi
LongJump,4.4,25.0,320,240,110,[],Outdoor,v_LongJump_g02_c01.avi
CliffDiving,4.36,25.0,320,240,109,[],Outdoor,v_CliffDiving_g20_c01.avi
CliffDiving,3.04,25.0,320,240,76,[],Outdoor,v_CliffDiving_g21_c03.avi
Drumming,12.0,25.0,320,240,300,['Male'],Indoor,v_Drumming_g25_c03.avi
JugglingBalls,10.4,25.0,320,240,260,"['Female', 'Male']",Indoor,v_JugglingBalls_g08_c02.avi
BrushingTeeth,7.96,25.0,320,240,199,"['Female', 'Male']",Indoor,v_BrushingTeeth_g22_c05.avi
Bowling,5.0,25.0,320,240,125,[],Indoor,v_Bowling_g22_c01.avi
CricketShot,3.8,25.0,320,240,95,[],Outdoor,v_CricketShot_g01_c03.avi
HandstandWalking,3.24,25.0,320,240,81,[],Indoor,v_HandstandWalking_g13_c04.avi
CuttingInKitchen,2.0,25.0,320,240,50,[],Indoor,v_CuttingInKitchen_g19_c03.avi
HandStandPushups,4.2,25.0,320,240,105,[],Indoor,v_HandStandPushups_g18_c01.avi
